handle,url,title,vendor,category,productType,collections,available,priceMin,priceMax,compareAt,zeroPrice,duplicateTitle,nearDuplicates,imageMain,imageCount,missingImages,photoPreparing,altMissing,altInternal,descriptionLength,ingredientes,supplementFacts,porcion,cantidad,modoUso,advertencias,contraindicaciones,claims,claimClass,metaTitle,metaDescription,ogTitle,ogDescription,canonical,structuredData,productSchema,availabilitySchema,httpStatus,gtinUpc,sku,relatedProducts,notes,regulatoryStatus,reviewReason
"crema-de-masaje-para-estrias-4-4oz-125ml-manteca-de-cacao-palmers","https://drop-shop-g7.myshopify.com/products/crema-de-masaje-para-estrias-4-4oz-125ml-manteca-de-cacao-palmers","Crema de masaje para estrias 4,4oz - 125ml Manteca de Cacao, Palmer's","Palmer's","cosmético/cuidado personal o dispositivo","Cuidado corporal y fragancias","","false","48400","48400","","false","false","","https://cdn.shopify.com/s/files/1/0694/7563/1258/files/Salpal-423.png?v=1785534197","5","false","false","5","","656","false","false","false","true","true","false","false","","SAFE","Crema de masaje para estrias 4,4oz - 125ml Manteca de Cacao, Palmer's &ndash; Drop Shop","Cocoa Butter Formula Massage Cream for Stretch Marks de Palmer&#39;s, con vitamina E. Es la crema de masaje para zonas propensas a estrías.Qué llevaManteca de cacao y de karité, aceite de coco, aceite de almendras dulces, acetato de tocoferol (vitamina E) y Centella asiatica. La marca destaca además colágeno, elastina y lu","Crema de masaje para estrias 4,4oz - 125ml Manteca de Cacao, Palmer&#39;s","Cocoa Butter Formula Massage Cream for Stretch Marks de Palmer&#39;s, con vitamina E. Es la crema de masaje para zonas propensas a estrías.Qué llevaManteca de cacao y de karité, aceite de coco, aceite de almendras dulces, acetato de tocoferol (vitamina E) y Centella asiatica. La marca destaca además colágeno, elastina y lu","https://drop-shop-g7.myshopify.com/products/crema-de-masaje-para-estrias-4-4oz-125ml-manteca-de-cacao-palmers","true","true","true","200","","Salpal-423","true","","COSMÉTICO/CUIDADO PERSONAL — validar NSO y rotulado","Sin claim de alto riesgo detectado en texto extraíble."
"tonico-facial-neutrogena-sin-alcohol-hipoalergenico-236mg","https://drop-shop-g7.myshopify.com/products/tonico-facial-neutrogena-sin-alcohol-hipoalergenico-236mg","Tónico facial Neutrogena sin alcohol hipoalergénico,236(Mg)","Neutrogena","REVIEW","Cuidado facial","","false","52700","52700","","false","false","","https://cdn.shopify.com/s/files/1/0694/7563/1258/files/SalNeu-278-360-slot.webp?v=1786656757","6","false","false","6","","603","false","false","false","false","true","false","false","hipoalergen","REVIEW","Tónico facial Neutrogena sin alcohol hipoalergénico,236(Mg) &ndash; Drop Shop","Tónico facial Alcohol-Free de Neutrogena. Limpia los restos que deja el desmaquillante y reacondiciona la piel sin resecarla, porque no lleva alcohol etílico.Cómo se usaHumedece un algodón con el tónico y aplícalo en el rostro con movimientos suaves hacia arriba.Qué dice la marcaSin alcohol etílico, sin aceite, sin col","Tónico facial Neutrogena sin alcohol hipoalergénico,236(Mg)","Tónico facial Alcohol-Free de Neutrogena. Limpia los restos que deja el desmaquillante y reacondiciona la piel sin resecarla, porque no lleva alcohol etílico.Cómo se usaHumedece un algodón con el tónico y aplícalo en el rostro con movimientos suaves hacia arriba.Qué dice la marcaSin alcohol etílico, sin aceite, sin col","https://drop-shop-g7.myshopify.com/products/tonico-facial-neutrogena-sin-alcohol-hipoalergenico-236mg","true","true","true","200","","SalNeu-278","true","","COSMÉTICO","“Hipoalergénico” debe coincidir con etiqueta/NSO; además “236(Mg)” es unidad probablemente incorrecta."
"serum-hidratante-antioxidante-pure-vitamin-c10-30ml","https://drop-shop-g7.myshopify.com/products/serum-hidratante-antioxidante-pure-vitamin-c10-30ml","Sérum Hidratante Antioxidante Pure Vitamin C10 30ml","La Roche-Posay","cosmético/cuidado personal o dispositivo","Cuidado facial","","true","190000","190000","","false","false","","https://cdn.shopify.com/s/files/1/0694/7563/1258/files/SalLRP_-121-360-slot.webp?v=1786647696","6","false","false","6","","616","false","false","false","true","true","false","false","antioxidante","REVIEW","Sérum Hidratante Antioxidante Pure Vitamin C10 30ml &ndash; Drop Shop","Sérum antioxidante con vitamina C pura (ácido L-ascórbico) al 10 %, de La Roche-Posay.Cómo se usaAplica 3 o 4 gotas evitando el contorno de ojos y masajea suavemente con las yemas de los dedos. Continúa con tu hidratante habitual y con protector solar.Qué llevaAdemás de la vitamina C pura, la fórmula incluye ácido sali","Sérum Hidratante Antioxidante Pure Vitamin C10 30ml","Sérum antioxidante con vitamina C pura (ácido L-ascórbico) al 10 %, de La Roche-Posay.Cómo se usaAplica 3 o 4 gotas evitando el contorno de ojos y masajea suavemente con las yemas de los dedos. Continúa con tu hidratante habitual y con protector solar.Qué llevaAdemás de la vitamina C pura, la fórmula incluye ácido sali","https://drop-shop-g7.myshopify.com/products/serum-hidratante-antioxidante-pure-vitamin-c10-30ml","true","true","true","200","","SalLRP -121","true","","COSMÉTICO","“Antioxidante” y función de ingredientes deben quedar trazables a etiqueta/fabricante y NSO."
"mist-corporal-con-brillo-pure-seduction","https://drop-shop-g7.myshopify.com/products/mist-corporal-con-brillo-pure-seduction","Mist corporal con brillo Pure Seduction","Victoria's Secret","cosmético/cuidado personal o dispositivo","Cuidado corporal y fragancias","","false","67587","67587","","false","false","","https://cdn.shopify.com/s/files/1/0694/7563/1258/files/BelVic-464.png?v=1785534195","5","false","false","5","","508","false","false","false","true","true","false","false","","SAFE","Mist corporal con brillo Pure Seduction &ndash; Drop Shop","Bruma corporal Pure Seduction Shimmer de Victoria&#39;s Secret, de familia frutal floral: la marca declara notas de ciruela jugosa y fresia triturada.Qué tipo de brillo esEl resplandor es perlado y fino, producido por fluorflogopita sintética y dióxido de titanio. No es glitter plástico de partícula grande.Cómo se usaAgita","Mist corporal con brillo Pure Seduction","Bruma corporal Pure Seduction Shimmer de Victoria&#39;s Secret, de familia frutal floral: la marca declara notas de ciruela jugosa y fresia triturada.Qué tipo de brillo esEl resplandor es perlado y fino, producido por fluorflogopita sintética y dióxido de titanio. No es glitter plástico de partícula grande.Cómo se usaAgita","https://drop-shop-g7.myshopify.com/products/mist-corporal-con-brillo-pure-seduction","true","true","true","200","","BelVic-464","true","","COSMÉTICO/CUIDADO PERSONAL — validar NSO y rotulado","Sin claim de alto riesgo detectado en texto extraíble."
"mist-corporal-con-brillo-bare-vanilla","https://drop-shop-g7.myshopify.com/products/mist-corporal-con-brillo-bare-vanilla","Mist Corporal con Brillo Bare Vanilla","Victoria's Secret","cosmético/cuidado personal o dispositivo","Cuidado corporal y fragancias","","false","73487","73487","","false","false","","https://cdn.shopify.com/s/files/1/0694/7563/1258/files/BelVic-463.png?v=1785534194","5","false","false","5","","586","false","false","false","true","true","false","false","","SAFE","Mist Corporal con Brillo Bare Vanilla &ndash; Drop Shop","Bruma corporal Bare Vanilla Shimmer de Victoria&#39;s Secret: el mismo gourmand de vainilla batida y cachemira suave, con un brillo añadido.Qué tipo de brillo esEs un resplandor fino, cálido y perlado, no escarcha gruesa. La fórmula oficial incluye fluorflogopita sintética y dióxido de titanio, que son las partículas miner","Mist Corporal con Brillo Bare Vanilla","Bruma corporal Bare Vanilla Shimmer de Victoria&#39;s Secret: el mismo gourmand de vainilla batida y cachemira suave, con un brillo añadido.Qué tipo de brillo esEs un resplandor fino, cálido y perlado, no escarcha gruesa. La fórmula oficial incluye fluorflogopita sintética y dióxido de titanio, que son las partículas miner","https://drop-shop-g7.myshopify.com/products/mist-corporal-con-brillo-bare-vanilla","true","true","true","200","","BelVic-463","true","","COSMÉTICO/CUIDADO PERSONAL — validar NSO y rotulado","Sin claim de alto riesgo detectado en texto extraíble."
"splash-velvet-petals-victorias-secret-250ml","https://drop-shop-g7.myshopify.com/products/splash-velvet-petals-victorias-secret-250ml","Splash Velvet Petals Victoria's Secret 250ml","Victoria's Secret","cosmético/cuidado personal o dispositivo","Cuidado corporal y fragancias","","false","70176","70176","","false","false","","https://cdn.shopify.com/s/files/1/0694/7563/1258/files/BelVic-461.png?v=1785534191","5","false","false","5","","617","false","false","false","true","true","false","false","","SAFE","Splash Velvet Petals Victoria's Secret 250ml &ndash; Drop Shop","Bruma corporal Velvet Petals de Victoria&#39;s Secret, de familia floral, frutal y gourmand.Las notasSegún la ficha olfativa de Fragrantica, la salida es de almendra; el corazón, de flor de albaricoque, leche de coco y loto; y el fondo, de sándalo y vainilla. Es un aroma cremoso y dulce más que floral fresco.Cómo se usaApl","Splash Velvet Petals Victoria&#39;s Secret 250ml","Bruma corporal Velvet Petals de Victoria&#39;s Secret, de familia floral, frutal y gourmand.Las notasSegún la ficha olfativa de Fragrantica, la salida es de almendra; el corazón, de flor de albaricoque, leche de coco y loto; y el fondo, de sándalo y vainilla. Es un aroma cremoso y dulce más que floral fresco.Cómo se usaApl","https://drop-shop-g7.myshopify.com/products/splash-velvet-petals-victorias-secret-250ml","true","true","true","200","","BelVic-461","true","","COSMÉTICO/CUIDADO PERSONAL — validar NSO y rotulado","Sin claim de alto riesgo detectado en texto extraíble."
"hidratante-facial-diario-con-acido-hialuronico-y-ceramidas-piel-sensible-89-ml","https://drop-shop-g7.myshopify.com/products/hidratante-facial-diario-con-acido-hialuronico-y-ceramidas-piel-sensible-89-ml","Hidratante facial diario con ácido hialurónico y ceramidas – piel sensible (89 ml)","Vanicream","cosmético/cuidado personal o dispositivo","Cuidado facial","","false","0","0","","true","false","","https://cdn.shopify.com/s/files/1/0694/7563/1258/files/BelVan-001-principal.png?v=1786466571","5","false","false","5","","768","true","false","false","true","true","false","false","","SAFE","Hidratante facial diario con ácido hialurónico y ceramidas – piel sens &ndash; Drop Shop","Hidratante facial de uso diario con ácido hialurónico y ceramidas, formulado para piel sensible.Qué hace cada cosaEl ácido hialurónico retiene agua en la superficie de la piel y las ceramidas son lípidos que forman parte de la barrera cutánea, la capa que evita que la piel pierda humedad.Cómo se usaAplica sobre el rost","Hidratante facial diario con ácido hialurónico y ceramidas – piel sens","Hidratante facial de uso diario con ácido hialurónico y ceramidas, formulado para piel sensible.Qué hace cada cosaEl ácido hialurónico retiene agua en la superficie de la piel y las ceramidas son lípidos que forman parte de la barrera cutánea, la capa que evita que la piel pierda humedad.Cómo se usaAplica sobre el rost","https://drop-shop-g7.myshopify.com/products/hidratante-facial-diario-con-acido-hialuronico-y-ceramidas-piel-sensible-89-ml","true","true","true","200","","BelVan-001","true","","COSMÉTICO/CUIDADO PERSONAL — validar NSO y rotulado","Sin claim de alto riesgo detectado en texto extraíble."
"cepillo-secador-revlon-cabezal-open-box-volumizer-2-0","https://drop-shop-g7.myshopify.com/products/cepillo-secador-revlon-cabezal-open-box-volumizer-2-0","Cepillo Secador Revlon Cabezal (open Box) Volumizer 2.0","Revlon","cosmético/cuidado personal o dispositivo","Cuidado capilar","","false","0","0","","true","false","","https://cdn.shopify.com/s/files/1/0694/7563/1258/files/BelRev-120-principal-lote-03.png?v=1786397634","5","false","false","5","","858","false","false","false","false","true","false","false","","SAFE","Cepillo Secador Revlon Cabezal (open Box) Volumizer 2.0 &ndash; Drop Shop","One-Step Volumizer Plus 2.0 de Revlon en caja abierta. Es un cepillo secador ovalado que seca, alisa y da volumen en un solo paso.Qué cambia en la versión Plus 2.0El cabezal es más pequeño (unas 2,4 pulgadas) y el mango más delgado, lo que facilita acercarse a la raíz. Añade un ajuste medio de temperatura y el cabezal ","Cepillo Secador Revlon Cabezal (open Box) Volumizer 2.0","One-Step Volumizer Plus 2.0 de Revlon en caja abierta. Es un cepillo secador ovalado que seca, alisa y da volumen en un solo paso.Qué cambia en la versión Plus 2.0El cabezal es más pequeño (unas 2,4 pulgadas) y el mango más delgado, lo que facilita acercarse a la raíz. Añade un ajuste medio de temperatura y el cabezal ","https://drop-shop-g7.myshopify.com/products/cepillo-secador-revlon-cabezal-open-box-volumizer-2-0","true","true","true","200","","BelRev-120","true","","COSMÉTICO/CUIDADO PERSONAL — validar NSO y rotulado","Sin claim de alto riesgo detectado en texto extraíble."
"cabezales-para-cepillo-philips-sonicare-c2-4pz","https://drop-shop-g7.myshopify.com/products/cabezales-para-cepillo-philips-sonicare-c2-4pz","Cabezales Para Cepillo Philips Sonicare C2 - 4pz","Philips","cosmético/cuidado personal o dispositivo","Higiene oral","","false","0","0","","true","false","","https://cdn.shopify.com/s/files/1/0694/7563/1258/files/BelPhi-39-principal-lote-03.png?v=1786397628","5","false","false","5","","621","false","false","false","false","false","false","false","","SAFE","Cabezales Para Cepillo Philips Sonicare C2 - 4pz &ndash; Drop Shop","Pack de 4 cabezales de repuesto para cepillo dental Philips Sonicare, serie C2 Optimal Plaque Defense, enfocado a la placa.Compatibilidad. Ajuste a presión (snap-on), el estándar de los mangos Sonicare actuales. Antes de comprar, comprueba que tu mango sea de ajuste a presión y no de rosca: si tienes dudas, escríbenos ","Cabezales Para Cepillo Philips Sonicare C2 - 4pz","Pack de 4 cabezales de repuesto para cepillo dental Philips Sonicare, serie C2 Optimal Plaque Defense, enfocado a la placa.Compatibilidad. Ajuste a presión (snap-on), el estándar de los mangos Sonicare actuales. Antes de comprar, comprueba que tu mango sea de ajuste a presión y no de rosca: si tienes dudas, escríbenos ","https://drop-shop-g7.myshopify.com/products/cabezales-para-cepillo-philips-sonicare-c2-4pz","true","true","true","200","","BelPhi-39","true","","COSMÉTICO/CUIDADO PERSONAL — validar NSO y rotulado","Sin claim de alto riesgo detectado en texto extraíble."
"philips-norelco-recortadora-serie-3000-13-en-1-mg3919-50","https://drop-shop-g7.myshopify.com/products/philips-norelco-recortadora-serie-3000-13-en-1-mg3919-50","Philips Norelco Recortadora Serie 3000 13 en 1 (MG3919/50)","Philips","REVIEW","Afeitado y grooming","","false","0","0","","true","false","","https://cdn.shopify.com/s/files/1/0694/7563/1258/files/BelPhi-284-principal-lote-philips-02.png?v=1786397047","5","false","false","5","","721","false","false","false","false","true","false","false","","SAFE","Philips Norelco Recortadora Serie 3000 13 en 1 (MG3919/50) &ndash; Drop Shop","Recortadora Philips Norelco All-in-One Serie 3000, 13 en 1, referencia MG3919/50. Sirve como recortadora de barba, perfilador, cortapelo y recortadora de nariz y detalles.Las cuchillasAcero autoafilable, con puntas redondeadas para que el corte sea más amable con la piel.Largos9 posiciones, de 0,5 mm a 16 mm: alcanza d","Philips Norelco Recortadora Serie 3000 13 en 1 (MG3919/50)","Recortadora Philips Norelco All-in-One Serie 3000, 13 en 1, referencia MG3919/50. Sirve como recortadora de barba, perfilador, cortapelo y recortadora de nariz y detalles.Las cuchillasAcero autoafilable, con puntas redondeadas para que el corte sea más amable con la piel.Largos9 posiciones, de 0,5 mm a 16 mm: alcanza d","https://drop-shop-g7.myshopify.com/products/philips-norelco-recortadora-serie-3000-13-en-1-mg3919-50","true","true","true","200","","BelPhi-284","true","","COSMÉTICO/CUIDADO PERSONAL — validar NSO y rotulado","Sin claim de alto riesgo detectado en texto extraíble."
"afeitadora-electrica-phillipd-norelco-2200","https://drop-shop-g7.myshopify.com/products/afeitadora-electrica-phillipd-norelco-2200","Afeitadora Electrica Phillipd Norelco 2200","Philips","cosmético/cuidado personal o dispositivo","Afeitado y grooming","","false","132500","132500","","false","false","","https://cdn.shopify.com/s/files/1/0694/7563/1258/files/BelPhi-283-principal-lote-philips-02.png?v=1786397045","5","false","false","5","","715","false","false","false","false","true","false","false","","SAFE","Afeitadora Electrica Phillipd Norelco 2200 &ndash; Drop Shop","Afeitadora eléctrica Philips Norelco 2200, de la Serie 2000. Es de uso en seco y trabaja con tres cabezales rotativos.Las cuchillas27 cuchillas ComfortCut autoafilables. Las tapas redondeadas las cubren para que corten el vello justo por encima del nivel de la piel y el aparato se deslice sin tirones.Cabezales 4D FlexS","Afeitadora Electrica Phillipd Norelco 2200","Afeitadora eléctrica Philips Norelco 2200, de la Serie 2000. Es de uso en seco y trabaja con tres cabezales rotativos.Las cuchillas27 cuchillas ComfortCut autoafilables. Las tapas redondeadas las cubren para que corten el vello justo por encima del nivel de la piel y el aparato se deslice sin tirones.Cabezales 4D FlexS","https://drop-shop-g7.myshopify.com/products/afeitadora-electrica-phillipd-norelco-2200","true","true","true","200","","BelPhi-283","true","","COSMÉTICO/CUIDADO PERSONAL — validar NSO y rotulado","Sin claim de alto riesgo detectado en texto extraíble."
"cabezales-para-cepillo-philips-sonicare-c1-4pz","https://drop-shop-g7.myshopify.com/products/cabezales-para-cepillo-philips-sonicare-c1-4pz","Cabezales Para Cepillo Philips Sonicare C1 - 4pz","Philips","cosmético/cuidado personal o dispositivo","Higiene oral","","false","135000","135000","","false","false","","https://cdn.shopify.com/s/files/1/0694/7563/1258/files/BelPhi-264-principal-lote-philips-02.png?v=1786397041","5","false","false","5","","613","false","false","false","false","false","false","false","","SAFE","Cabezales Para Cepillo Philips Sonicare C1 - 4pz &ndash; Drop Shop","Pack de 4 cabezales de repuesto para cepillo dental Philips Sonicare, serie C1 ProResults, para la limpieza diaria.Compatibilidad. Ajuste a presión (snap-on), el estándar de los mangos Sonicare actuales. Antes de comprar, comprueba que tu mango sea de ajuste a presión y no de rosca: si tienes dudas, escríbenos con el m","Cabezales Para Cepillo Philips Sonicare C1 - 4pz","Pack de 4 cabezales de repuesto para cepillo dental Philips Sonicare, serie C1 ProResults, para la limpieza diaria.Compatibilidad. Ajuste a presión (snap-on), el estándar de los mangos Sonicare actuales. Antes de comprar, comprueba que tu mango sea de ajuste a presión y no de rosca: si tienes dudas, escríbenos con el m","https://drop-shop-g7.myshopify.com/products/cabezales-para-cepillo-philips-sonicare-c1-4pz","true","true","true","200","","BelPhi-264","true","","COSMÉTICO/CUIDADO PERSONAL — validar NSO y rotulado","Sin claim de alto riesgo detectado en texto extraíble."
"repuesto-pack-4-cepillo-dental-philips-sonicare-c2","https://drop-shop-g7.myshopify.com/products/repuesto-pack-4-cepillo-dental-philips-sonicare-c2","Repuesto (Pack 4) Cepillo dental Philips Sonicare C2","Philips","cosmético/cuidado personal o dispositivo","Higiene oral","","false","139990","139990","","false","false","","https://cdn.shopify.com/s/files/1/0694/7563/1258/files/BelPhi-199-principal-lote-philips-02.png?v=1786397038","5","false","false","5","","621","false","false","false","false","false","false","false","","SAFE","Repuesto (Pack 4) Cepillo dental Philips Sonicare C2 &ndash; Drop Shop","Pack de 4 cabezales de repuesto para cepillo dental Philips Sonicare, serie C2 Optimal Plaque Defense, enfocado a la placa.Compatibilidad. Ajuste a presión (snap-on), el estándar de los mangos Sonicare actuales. Antes de comprar, comprueba que tu mango sea de ajuste a presión y no de rosca: si tienes dudas, escríbenos ","Repuesto (Pack 4) Cepillo dental Philips Sonicare C2","Pack de 4 cabezales de repuesto para cepillo dental Philips Sonicare, serie C2 Optimal Plaque Defense, enfocado a la placa.Compatibilidad. Ajuste a presión (snap-on), el estándar de los mangos Sonicare actuales. Antes de comprar, comprueba que tu mango sea de ajuste a presión y no de rosca: si tienes dudas, escríbenos ","https://drop-shop-g7.myshopify.com/products/repuesto-pack-4-cepillo-dental-philips-sonicare-c2","true","true","true","200","","BelPhi-199","true","","COSMÉTICO/CUIDADO PERSONAL — validar NSO y rotulado","Sin claim de alto riesgo detectado en texto extraíble."
"afeitadora-facial-norelco-oneblade-360-qp2724-70-philips","https://drop-shop-g7.myshopify.com/products/afeitadora-facial-norelco-oneblade-360-qp2724-70-philips","Afeitadora facial Norelco OneBlade 360 QP2724/70, Philips","Philips","cosmético/cuidado personal o dispositivo","Afeitado y grooming","","false","217125","217125","","false","false","","https://cdn.shopify.com/s/files/1/0694/7563/1258/files/BelPhi-198-principal-philips-01.png?v=1786397033","5","false","false","5","","780","false","false","false","false","true","false","false","","SAFE","Afeitadora facial Norelco OneBlade 360 QP2724/70, Philips &ndash; Drop Shop","Philips Norelco OneBlade 360 Face QP2724/70: recorta, perfila y afeita cualquier largo de vello. No es una afeitadora al uso, está pensada para dar forma tanto como para apurar.Cómo funcionaCuchilla 360 que se flexiona en todas direcciones para adaptarse a las curvas del rostro, con cortador rápido de 12.000 movimiento","Afeitadora facial Norelco OneBlade 360 QP2724/70, Philips","Philips Norelco OneBlade 360 Face QP2724/70: recorta, perfila y afeita cualquier largo de vello. No es una afeitadora al uso, está pensada para dar forma tanto como para apurar.Cómo funcionaCuchilla 360 que se flexiona en todas direcciones para adaptarse a las curvas del rostro, con cortador rápido de 12.000 movimiento","https://drop-shop-g7.myshopify.com/products/afeitadora-facial-norelco-oneblade-360-qp2724-70-philips","true","true","true","200","","BelPhi-198","true","","COSMÉTICO/CUIDADO PERSONAL — validar NSO y rotulado","Sin claim de alto riesgo detectado en texto extraíble."
"cepillo-dental-electrico-philips-sonicare-one-para-ninos-morado","https://drop-shop-g7.myshopify.com/products/cepillo-dental-electrico-philips-sonicare-one-para-ninos-morado","Cepillo dental Electrico Philips Sonicare One para niños morado","Philips","cosmético/cuidado personal o dispositivo","Higiene oral","","true","80000","80000","","false","false","cepillo-dental-electrico-philips-sonicare-one-para-ninos-azul","https://cdn.shopify.com/s/files/1/0694/7563/1258/files/BelPhi-197-Morado-principal-philips-01.png?v=1786397032","5","false","false","5","","800","false","false","false","false","true","false","false","","SAFE","Cepillo dental Electrico Philips Sonicare One para niños morado &ndash; Drop Shop","Cepillo dental eléctrico Philips One for Kids by Sonicare, pensado para niños de 3 años en adelante. Funciona con pila, no con base de carga. Este es el morado.Cómo limpiaUsa microvibraciones suaves, para que el paso del cepillo manual al eléctrico no sea brusco. El cabezal es compacto, de cerdas suaves y con respaldo ","Cepillo dental Electrico Philips Sonicare One para niños morado","Cepillo dental eléctrico Philips One for Kids by Sonicare, pensado para niños de 3 años en adelante. Funciona con pila, no con base de carga. Este es el morado.Cómo limpiaUsa microvibraciones suaves, para que el paso del cepillo manual al eléctrico no sea brusco. El cabezal es compacto, de cerdas suaves y con respaldo ","https://drop-shop-g7.myshopify.com/products/cepillo-dental-electrico-philips-sonicare-one-para-ninos-morado","true","true","true","200","","BelPhi-197-Morado","true","","COSMÉTICO/CUIDADO PERSONAL — validar NSO y rotulado","Sin claim de alto riesgo detectado en texto extraíble."
"repuesto-pack-4-cepillo-dental-philips-sonicare-c3-negro","https://drop-shop-g7.myshopify.com/products/repuesto-pack-4-cepillo-dental-philips-sonicare-c3-negro","Repuesto (Pack 4) Cepillo dental Philips Sonicare C3, negro","Philips","cosmético/cuidado personal o dispositivo","Higiene oral","","false","99000","99000","","false","false","repuesto-pack-4-cepillo-dental-philips-sonicare-c3-blanco","https://cdn.shopify.com/s/files/1/0694/7563/1258/files/BelPhi-197-principal-philips-01.png?v=1786397028","5","false","false","5","","621","false","false","false","false","false","false","false","","SAFE","Repuesto (Pack 4) Cepillo dental Philips Sonicare C3, negro &ndash; Drop Shop","Pack de 4 cabezales de repuesto para cepillo dental Philips Sonicare, serie C3 Premium Plaque Control, enfocado a la placa.Compatibilidad. Ajuste a presión (snap-on), el estándar de los mangos Sonicare actuales. Antes de comprar, comprueba que tu mango sea de ajuste a presión y no de rosca: si tienes dudas, escríbenos ","Repuesto (Pack 4) Cepillo dental Philips Sonicare C3, negro","Pack de 4 cabezales de repuesto para cepillo dental Philips Sonicare, serie C3 Premium Plaque Control, enfocado a la placa.Compatibilidad. Ajuste a presión (snap-on), el estándar de los mangos Sonicare actuales. Antes de comprar, comprueba que tu mango sea de ajuste a presión y no de rosca: si tienes dudas, escríbenos ","https://drop-shop-g7.myshopify.com/products/repuesto-pack-4-cepillo-dental-philips-sonicare-c3-negro","true","true","true","200","","BelPhi-197","true","","COSMÉTICO/CUIDADO PERSONAL — validar NSO y rotulado","Sin claim de alto riesgo detectado en texto extraíble."
"cepillo-dental-electrico-phillips-sonicare-4101","https://drop-shop-g7.myshopify.com/products/cepillo-dental-electrico-phillips-sonicare-4101","Cepillo dental Electrico Phillips Sonicare 4100","Philips","cosmético/cuidado personal o dispositivo","Higiene oral","","false","293997","293997","","false","true","cepillo-dental-electrico-phillips-sonicare-4100","https://cdn.shopify.com/s/files/1/0694/7563/1258/files/BelPhi-16-Negro-principal-philips-01.png?v=1786397027","5","false","false","5","","726","false","false","false","false","true","false","false","","SAFE","Cepillo dental Electrico Phillips Sonicare 4100 &ndash; Drop Shop","Cepillo dental eléctrico sónico Philips Sonicare, serie 4100. Según la marca retira hasta 7 veces más placa que un cepillo manual.Qué traeSensor de presión que avisa con un pulso suave cuando aprietas de más, para no dañar encías. Tecnología BrushSync, que sincroniza mango y cabezal y te avisa con un pitido y una luz c","Cepillo dental Electrico Phillips Sonicare 4100","Cepillo dental eléctrico sónico Philips Sonicare, serie 4100. Según la marca retira hasta 7 veces más placa que un cepillo manual.Qué traeSensor de presión que avisa con un pulso suave cuando aprietas de más, para no dañar encías. Tecnología BrushSync, que sincroniza mango y cabezal y te avisa con un pitido y una luz c","https://drop-shop-g7.myshopify.com/products/cepillo-dental-electrico-phillips-sonicare-4101","true","true","true","200","","BelPhi-16-Negro","true","","COSMÉTICO/CUIDADO PERSONAL — validar NSO y rotulado","Sin claim de alto riesgo detectado en texto extraíble."
"cepillo-dental-electrico-phillips-sonicare-4100","https://drop-shop-g7.myshopify.com/products/cepillo-dental-electrico-phillips-sonicare-4100","Cepillo dental Electrico Phillips Sonicare 4100","Philips","cosmético/cuidado personal o dispositivo","Higiene oral","","false","346900","346900","","false","true","cepillo-dental-electrico-phillips-sonicare-4101","https://cdn.shopify.com/s/files/1/0694/7563/1258/files/BelPhi-16-Blanco-principal-philips-01.png?v=1786397025","5","false","false","5","","726","false","false","false","false","true","false","false","","SAFE","Cepillo dental Electrico Phillips Sonicare 4100 &ndash; Drop Shop","Cepillo dental eléctrico sónico Philips Sonicare, serie 4100. Según la marca retira hasta 7 veces más placa que un cepillo manual.Qué traeSensor de presión que avisa con un pulso suave cuando aprietas de más, para no dañar encías. Tecnología BrushSync, que sincroniza mango y cabezal y te avisa con un pitido y una luz c","Cepillo dental Electrico Phillips Sonicare 4100","Cepillo dental eléctrico sónico Philips Sonicare, serie 4100. Según la marca retira hasta 7 veces más placa que un cepillo manual.Qué traeSensor de presión que avisa con un pulso suave cuando aprietas de más, para no dañar encías. Tecnología BrushSync, que sincroniza mango y cabezal y te avisa con un pitido y una luz c","https://drop-shop-g7.myshopify.com/products/cepillo-dental-electrico-phillips-sonicare-4100","true","true","true","200","","BelPhi-16-Blanco","true","","COSMÉTICO/CUIDADO PERSONAL — validar NSO y rotulado","Sin claim de alto riesgo detectado en texto extraíble."
"afeitadora-norelco-philips-multigroom-series-7000","https://drop-shop-g7.myshopify.com/products/afeitadora-norelco-philips-multigroom-series-7000","Afeitadora Norelco Philips Multigroom Series 7000","Philips","cosmético/cuidado personal o dispositivo","Afeitado y grooming","","false","316700","316700","","false","false","","https://cdn.shopify.com/s/files/1/0694/7563/1258/files/BelPhi-158-360-slot.webp?v=1786655241","6","false","false","6","","930","false","false","false","false","true","false","false","","SAFE","Afeitadora Norelco Philips Multigroom Series 7000 &ndash; Drop Shop","Recortadora multiusos Philips Norelco Multigroom Series 7000, para barba, cabello, cuerpo y detalles de rostro, en un solo aparato.Las cuchillasUsa tecnología DualCut, con el doble de cuchillas autoafilables. Philips declara que se mantienen afiladas hasta 5 años y que no necesitan aceite.ConstrucciónEstructura de acer","Afeitadora Norelco Philips Multigroom Series 7000","Recortadora multiusos Philips Norelco Multigroom Series 7000, para barba, cabello, cuerpo y detalles de rostro, en un solo aparato.Las cuchillasUsa tecnología DualCut, con el doble de cuchillas autoafilables. Philips declara que se mantienen afiladas hasta 5 años y que no necesitan aceite.ConstrucciónEstructura de acer","https://drop-shop-g7.myshopify.com/products/afeitadora-norelco-philips-multigroom-series-7000","true","true","true","200","","BelPhi-158","true","","COSMÉTICO/CUIDADO PERSONAL — validar NSO y rotulado","Sin claim de alto riesgo detectado en texto extraíble."
"repuesto-pack-4-cepillo-dental-philips-sonicare-c3-blanco","https://drop-shop-g7.myshopify.com/products/repuesto-pack-4-cepillo-dental-philips-sonicare-c3-blanco","Repuesto (Pack 4) Cepillo dental Philips Sonicare C3, blanco","Philips","cosmético/cuidado personal o dispositivo","Higiene oral","","false","123750","123750","","false","false","repuesto-pack-4-cepillo-dental-philips-sonicare-c3-negro","https://cdn.shopify.com/s/files/1/0694/7563/1258/files/BelPhi-142-principal.png?v=1786466778","5","false","false","5","","621","false","false","false","false","false","false","false","","SAFE","Repuesto (Pack 4) Cepillo dental Philips Sonicare C3, blanco &ndash; Drop Shop","Pack de 4 cabezales de repuesto para cepillo dental Philips Sonicare, serie C3 Premium Plaque Control, enfocado a la placa.Compatibilidad. Ajuste a presión (snap-on), el estándar de los mangos Sonicare actuales. Antes de comprar, comprueba que tu mango sea de ajuste a presión y no de rosca: si tienes dudas, escríbenos ","Repuesto (Pack 4) Cepillo dental Philips Sonicare C3, blanco","Pack de 4 cabezales de repuesto para cepillo dental Philips Sonicare, serie C3 Premium Plaque Control, enfocado a la placa.Compatibilidad. Ajuste a presión (snap-on), el estándar de los mangos Sonicare actuales. Antes de comprar, comprueba que tu mango sea de ajuste a presión y no de rosca: si tienes dudas, escríbenos ","https://drop-shop-g7.myshopify.com/products/repuesto-pack-4-cepillo-dental-philips-sonicare-c3-blanco","true","true","true","200","","BelPhi-142","true","","COSMÉTICO/CUIDADO PERSONAL — validar NSO y rotulado","Sin claim de alto riesgo detectado en texto extraíble."
"serum-ordinary-crecimiento-pestanas-y-cejas-multipeptide","https://drop-shop-g7.myshopify.com/products/serum-ordinary-crecimiento-pestanas-y-cejas-multipeptide","Serum Ordinary  Crecimiento Pestañas Y Cejas Multipeptide","The Ordinary","cosmético/cuidado personal o dispositivo","Cuidado de ojos, cejas y pestañas","","false","117975","117975","","false","false","","https://cdn.shopify.com/s/files/1/0694/7563/1258/files/BelOrd-210-360-slot.webp?v=1786654779","6","false","false","6","","589","false","false","false","true","true","true","true","crecimiento","REVIEW","Serum Ordinary Crecimiento Pestañas Y Cejas Multipeptide &ndash; Drop Shop","Multi-Peptide Lash and Brow Serum de The Ordinary. Fórmula con péptidos para pestañas y cejas.Cómo se usaCon la zona limpia y seca, aplica una capa fina a lo largo de la línea de las pestañas y sobre las cejas, mañana y noche.Advertencias Usar solo como se indica y sobre piel sin heridas. Se recomienda prueba de parche","Serum Ordinary Crecimiento Pestañas Y Cejas Multipeptide","Multi-Peptide Lash and Brow Serum de The Ordinary. Fórmula con péptidos para pestañas y cejas.Cómo se usaCon la zona limpia y seca, aplica una capa fina a lo largo de la línea de las pestañas y sobre las cejas, mañana y noche.Advertencias Usar solo como se indica y sobre piel sin heridas. Se recomienda prueba de parche","https://drop-shop-g7.myshopify.com/products/serum-ordinary-crecimiento-pestanas-y-cejas-multipeptide","true","true","true","200","","BelOrd-210","true","","COSMÉTICO","“Crecimiento” en el título puede implicar resultado fisiológico; reescribir como sérum para pestañas y cejas salvo soporte autorizado."
"protector-solar-neutrogena-ultra-sheer-body-mist-spf-45-5-0-oz-141g","https://drop-shop-g7.myshopify.com/products/protector-solar-neutrogena-ultra-sheer-body-mist-spf-45-5-0-oz-141g","Protector solar Neutrogena Ultra Sheer Body Mist Spf 45 5.0 OZ (141g)","Neutrogena","cosmético/cuidado personal o dispositivo","Protección solar","","false","65000","65000","","false","false","","https://cdn.shopify.com/s/files/1/0694/7563/1258/files/BelNeu-130.png?v=1785534172","5","false","false","5","","670","false","false","false","true","true","false","false","","SAFE","Protector solar Neutrogena Ultra Sheer Body Mist Spf 45 5.0 OZ (141g) &ndash; Drop Shop","Protector solar Neutrogena Ultra Sheer de amplio espectro SPF 45, con tecnología Helioplex frente a rayos UVA y UVB. El acabado Dry-Touch absorbe rápido y no deja brillo ni sensación grasa.Filtros que declara el fabricanteAvobenzona 3 %, homosalato 10 %, octisalato 5 % y octocrileno 10 %. Sin oxibenzona.Cómo se usaApli","Protector solar Neutrogena Ultra Sheer Body Mist Spf 45 5.0 OZ (141g)","Protector solar Neutrogena Ultra Sheer de amplio espectro SPF 45, con tecnología Helioplex frente a rayos UVA y UVB. El acabado Dry-Touch absorbe rápido y no deja brillo ni sensación grasa.Filtros que declara el fabricanteAvobenzona 3 %, homosalato 10 %, octisalato 5 % y octocrileno 10 %. Sin oxibenzona.Cómo se usaApli","https://drop-shop-g7.myshopify.com/products/protector-solar-neutrogena-ultra-sheer-body-mist-spf-45-5-0-oz-141g","true","true","true","200","","BelNeu-130","true","","COSMÉTICO/CUIDADO PERSONAL — validar NSO y rotulado","Sin claim de alto riesgo detectado en texto extraíble."
"aceite-de-ricino-castor-organico-majestic-pure-usda-x236-ml","https://drop-shop-g7.myshopify.com/products/aceite-de-ricino-castor-organico-majestic-pure-usda-x236-ml","Aceite de Ricino-Castor Orgánico Majestic Pure USDA x236 ml","Majestic Pure","cosmético/cuidado personal o dispositivo","Cuidado capilar","","false","79024","79024","","false","false","","https://cdn.shopify.com/s/files/1/0694/7563/1258/files/BelMaj-001.png?v=1785534172","5","false","false","5","","660","false","false","false","true","true","false","false","","REVIEW","Aceite de Ricino-Castor Orgánico Majestic Pure USDA x236 ml &ndash; Drop Shop","Aceite de ricino orgánico certificado USDA de Majestic Pure. Es 100 % puro, prensado en frío y libre de hexano.Para qué se usaLa marca lo indica para cabello, pestañas, cejas, uñas, piel y cuerpo, y también como aceite portador para mezclar con aceites esenciales o para masaje. Es rico en ácido ricinoleico, ácidos gras","Aceite de Ricino-Castor Orgánico Majestic Pure USDA x236 ml","Aceite de ricino orgánico certificado USDA de Majestic Pure. Es 100 % puro, prensado en frío y libre de hexano.Para qué se usaLa marca lo indica para cabello, pestañas, cejas, uñas, piel y cuerpo, y también como aceite portador para mezclar con aceites esenciales o para masaje. Es rico en ácido ricinoleico, ácidos gras","https://drop-shop-g7.myshopify.com/products/aceite-de-ricino-castor-organico-majestic-pure-usda-x236-ml","true","true","true","200","","BelMaj-001","true","","COSMÉTICO / EVIDENCIA REQUERIDA","“USDA certificado”, “100 % puro”, “libre de hexano” necesitan evidencia documental accesible; el título lo presenta como hecho."
"pestanina-double-extend-loreal-5-0ml-mas-negro","https://drop-shop-g7.myshopify.com/products/pestanina-double-extend-loreal-5-0ml-mas-negro","Pestañina Double Extend L'oréal 5.0(ml) - mas negro","L'Oréal Paris","cosmético/cuidado personal o dispositivo","Maquillaje","","false","82770","82770","","false","false","","https://cdn.shopify.com/s/files/1/0694/7563/1258/files/BelLor-100.png?v=1785534171","5","false","false","5","","649","false","false","false","true","true","false","false","","SAFE","Pestañina Double Extend L'oréal 5.0(ml) - mas negro &ndash; Drop Shop","Double Extend Beauty Tubes de L&#39;Oréal Paris en el tono 570 Blackest Black. Es una máscara de dos pasos, con un producto distinto en cada extremo del envase.Cómo se usaEl paso 1 es una prebase blanca con ceramida R y pantenol. El paso 2 es la máscara negra tubular, que forma pequeñas envolturas alrededor de cada pestaña","Pestañina Double Extend L&#39;oréal 5.0(ml) - mas negro","Double Extend Beauty Tubes de L&#39;Oréal Paris en el tono 570 Blackest Black. Es una máscara de dos pasos, con un producto distinto en cada extremo del envase.Cómo se usaEl paso 1 es una prebase blanca con ceramida R y pantenol. El paso 2 es la máscara negra tubular, que forma pequeñas envolturas alrededor de cada pestaña","https://drop-shop-g7.myshopify.com/products/pestanina-double-extend-loreal-5-0ml-mas-negro","true","true","true","200","","BelLor-100","true","","COSMÉTICO/CUIDADO PERSONAL — validar NSO y rotulado","Sin claim de alto riesgo detectado en texto extraíble."
"listerine-pocketmist-cool-mint-pack-x2-140-und","https://drop-shop-g7.myshopify.com/products/listerine-pocketmist-cool-mint-pack-x2-140-und","Listerine Pocketmist Cool Mint Pack x2 (140 und)","Listerine","cosmético/cuidado personal o dispositivo","Higiene oral","","false","54700","54700","","false","false","","https://cdn.shopify.com/s/files/1/0694/7563/1258/files/BelLis-001-360-slot.webp?v=1786653723","6","false","false","6","","506","false","false","false","true","true","false","false","","SAFE","Listerine Pocketmist Cool Mint Pack x2 (140 und) &ndash; Drop Shop","Listerine Pocketmist Cool Mint. Spray bucal de bolsillo, sin azúcar y sin propelente en aerosol, para refrescar el aliento fuera de casa.Cómo se usaPresiona el gatillo hasta que se descubra el orificio de la bruma y sigue presionando con firmeza hasta que salga. Aplica 2 o 3 pulsaciones. La primera vez hay que cebar el","Listerine Pocketmist Cool Mint Pack x2 (140 und)","Listerine Pocketmist Cool Mint. Spray bucal de bolsillo, sin azúcar y sin propelente en aerosol, para refrescar el aliento fuera de casa.Cómo se usaPresiona el gatillo hasta que se descubra el orificio de la bruma y sigue presionando con firmeza hasta que salga. Aplica 2 o 3 pulsaciones. La primera vez hay que cebar el","https://drop-shop-g7.myshopify.com/products/listerine-pocketmist-cool-mint-pack-x2-140-und","true","true","true","200","","BelLis-001","true","","COSMÉTICO/CUIDADO PERSONAL — validar NSO y rotulado","Sin claim de alto riesgo detectado en texto extraíble."
"iluminador-trophy-wife-fenty-beauty-8g-killawatt","https://drop-shop-g7.myshopify.com/products/iluminador-trophy-wife-fenty-beauty-8g-killawatt","Iluminador Trophy Wife Fenty Beauty 8g Killawatt","Fenty Beauty","REVIEW","Maquillaje","","false","290000","290000","","false","false","","https://cdn.shopify.com/s/files/1/0694/7563/1258/files/BelFen-001-360-slot.webp?v=1786658734","6","false","false","6","","474","false","false","false","true","true","false","false","","SAFE","Iluminador Trophy Wife Fenty Beauty 8g Killawatt &ndash; Drop Shop","Iluminador en polvo cremoso Killawatt de Fenty Beauty en el tono Trophy Wife: un dorado metálico intenso, de alto brillo y cobertura modulable. La fórmula es ligera y de larga duración.Cómo se usaAplica con brocha o con los dedos en pómulos, puente de la nariz y arco de Cupido. También funciona como sombra de ojos y co","Iluminador Trophy Wife Fenty Beauty 8g Killawatt","Iluminador en polvo cremoso Killawatt de Fenty Beauty en el tono Trophy Wife: un dorado metálico intenso, de alto brillo y cobertura modulable. La fórmula es ligera y de larga duración.Cómo se usaAplica con brocha o con los dedos en pómulos, puente de la nariz y arco de Cupido. También funciona como sombra de ojos y co","https://drop-shop-g7.myshopify.com/products/iluminador-trophy-wife-fenty-beauty-8g-killawatt","true","true","true","200","","BelFen-001","true","","COSMÉTICO/CUIDADO PERSONAL — validar NSO y rotulado","Sin claim de alto riesgo detectado en texto extraíble."
"gel-de-tratamiento-para-el-acne-differin-0-1-de-adapaleno-x15g","https://drop-shop-g7.myshopify.com/products/gel-de-tratamiento-para-el-acne-differin-0-1-de-adapaleno-x15g","Gel de Tratamiento para el Acné Differin 0.1% de Adapaleno x15g","Differin","medicamento/OTC - confirmar estatus INVIMA","Cuidado facial","","true","125000","125000","","false","false","","https://cdn.shopify.com/s/files/1/0694/7563/1258/files/BelDif-001-360-slot.webp?v=1786654284","6","false","false","6","","938","false","false","false","false","true","true","false","tratamiento|acne|acné","REMOVE / REWRITE","Gel de Tratamiento para el Acné Differin 0.1% de Adapaleno x15g &ndash; Drop Shop","Gel de tratamiento para el acné con adapaleno al 0,1 %, un retinoide. Actúa sobre las lesiones de acné del rostro y otras zonas afectadas.Cómo se usaLava con suavidad la zona afectada con un jabón no medicado y aplica una capa fina sobre toda la zona (no solo sobre los granos), una vez al día por la noche. Evita el con","Gel de Tratamiento para el Acné Differin 0.1% de Adapaleno x15g","Gel de tratamiento para el acné con adapaleno al 0,1 %, un retinoide. Actúa sobre las lesiones de acné del rostro y otras zonas afectadas.Cómo se usaLava con suavidad la zona afectada con un jabón no medicado y aplica una capa fina sobre toda la zona (no solo sobre los granos), una vez al día por la noche. Evita el con","https://drop-shop-g7.myshopify.com/products/gel-de-tratamiento-para-el-acne-differin-0-1-de-adapaleno-x15g","true","true","true","200","","BelDif-001","true","P0: Adapaleno, claims terapéuticos y soporte basado en etiqueta FDA; no se muestra registro o condición de venta INVIMA. Retirar de TikTok y pausar venta hasta verificación.","MEDICAMENTO / ESTATUS COLOMBIA NO VERIFICADO","Adapaleno, claims terapéuticos y soporte basado en etiqueta FDA; no se muestra registro o condición de venta INVIMA. Retirar de TikTok y pausar venta hasta verificación."
"serum-fortalecedor-de-pestanas-dabalash-0-18fl-5-32ml","https://drop-shop-g7.myshopify.com/products/serum-fortalecedor-de-pestanas-dabalash-0-18fl-5-32ml","Sérum fortalecedor de pestañas Dabalash 0.18FL/ 5.32ml","DABALASH","cosmético/cuidado personal o dispositivo","Cuidado de ojos, cejas y pestañas","","false","398000","398000","","false","false","","https://cdn.shopify.com/s/files/1/0694/7563/1258/files/BelDab-001.png?v=1785534166","5","false","false","5","","817","false","false","false","true","true","true","false","embarazo","HIGH RISK","Sérum fortalecedor de pestañas Dabalash 0.18FL/ 5.32ml &ndash; Drop Shop","Sérum cosmético en gel para pestañas y cejas DABALASH Professional Eyelash Enhancer.Cómo se usaSobre piel limpia y seca, retira el exceso del aplicador y pasa una sola línea fina por la base de las pestañas superiores, una vez al día, evitando el lagrimal. Espera uno o dos minutos antes de maquillarte.Advertencias Cont","Sérum fortalecedor de pestañas Dabalash 0.18FL/ 5.32ml","Sérum cosmético en gel para pestañas y cejas DABALASH Professional Eyelash Enhancer.Cómo se usaSobre piel limpia y seca, retira el exceso del aplicador y pasa una sola línea fina por la base de las pestañas superiores, una vez al día, evitando el lagrimal. Espera uno o dos minutos antes de maquillarte.Advertencias Cont","https://drop-shop-g7.myshopify.com/products/serum-fortalecedor-de-pestanas-dabalash-0-18fl-5-32ml","true","true","true","200","","BelDab-001","true","P0: Declara dehidrolatanoprost, riesgos y restricción en embarazo; validar NSO, rotulado y claims antes de pauta.","COSMÉTICO SENSIBLE / REVIEW","Declara dehidrolatanoprost, riesgos y restricción en embarazo; validar NSO, rotulado y claims antes de pauta."
"colgate-total-24-horas-blanqueamiento-avanzado-181g","https://drop-shop-g7.myshopify.com/products/colgate-total-24-horas-blanqueamiento-avanzado-181g","Colgate Total 24 Horas Blanqueamiento Avanzado 181g","Colgate","cosmético/cuidado personal o dispositivo","Higiene oral","","false","12150","12150","","false","false","","https://cdn.shopify.com/s/files/1/0694/7563/1258/files/BelCol-001.png?v=1785534165","5","false","false","5","","1248","false","false","false","true","true","true","false","dolor|alivio","HIGH RISK","Colgate Total 24 Horas Blanqueamiento Avanzado 181g &ndash; Drop Shop","Crema dental Colgate Total Blanqueamiento Avanzado, con fluoruro estañoso (stannous fluoride).Qué dice la marcaProtección antibacterial de 24 horas contra caries, placa, gingivitis, erosión del esmalte y sarro, además de alivio de la sensibilidad, mientras blanquea.Cómo se usaAdultos y niños desde 12 años: aplica una t","Colgate Total 24 Horas Blanqueamiento Avanzado 181g","Crema dental Colgate Total Blanqueamiento Avanzado, con fluoruro estañoso (stannous fluoride).Qué dice la marcaProtección antibacterial de 24 horas contra caries, placa, gingivitis, erosión del esmalte y sarro, además de alivio de la sensibilidad, mientras blanquea.Cómo se usaAdultos y niños desde 12 años: aplica una t","https://drop-shop-g7.myshopify.com/products/colgate-total-24-horas-blanqueamiento-avanzado-181g","true","true","true","200","","BelCol-001","true","P0: Claims de caries, gingivitis, sensibilidad y periodontitis apoyados en FDA, no en autorización colombiana visible.","HIGIENE ORAL SENSIBLE / REVIEW","Claims de caries, gingivitis, sensibilidad y periodontitis apoyados en FDA, no en autorización colombiana visible."
"locion-hidratante-cerave-para-piel-seca-a-muy-seca-473ml-neutro-pote","https://drop-shop-g7.myshopify.com/products/locion-hidratante-cerave-para-piel-seca-a-muy-seca-473ml-neutro-pote","Loción Hidratante CeraVe Para Piel Seca A Muy Seca 473ml Neutro Pote","CeraVe","cosmético/cuidado personal o dispositivo","Cuidado facial","","false","90715","90715","","false","false","","https://cdn.shopify.com/s/files/1/0694/7563/1258/files/BelCer-208.png?v=1785534165","5","false","false","5","","632","false","false","false","true","true","false","false","","SAFE","Loción Hidratante CeraVe Para Piel Seca A Muy Seca 473ml Neutro Pote &ndash; Drop Shop","Loción hidratante CeraVe para piel seca a muy seca, sin fragancia, sin aceite y no comedogénica (no obstruye el poro). Desarrollada con dermatólogos.Qué llevaTres ceramidas esenciales, que ayudan a restaurar la barrera de la piel, y ácido hialurónico para retener el agua. La marca usa su tecnología MVE, que encapsula l","Loción Hidratante CeraVe Para Piel Seca A Muy Seca 473ml Neutro Pote","Loción hidratante CeraVe para piel seca a muy seca, sin fragancia, sin aceite y no comedogénica (no obstruye el poro). Desarrollada con dermatólogos.Qué llevaTres ceramidas esenciales, que ayudan a restaurar la barrera de la piel, y ácido hialurónico para retener el agua. La marca usa su tecnología MVE, que encapsula l","https://drop-shop-g7.myshopify.com/products/locion-hidratante-cerave-para-piel-seca-a-muy-seca-473ml-neutro-pote","true","true","true","200","","BelCer-208","true","","COSMÉTICO/CUIDADO PERSONAL — validar NSO y rotulado","Sin claim de alto riesgo detectado en texto extraíble."
"crema-corporal-warm-vanilla-suga-226-g-bath-body","https://drop-shop-g7.myshopify.com/products/crema-corporal-warm-vanilla-suga-226-g-bath-body","Crema corporal Warm Vanilla Suga 226 g, Bath & Body","Bath & Body Works","cosmético/cuidado personal o dispositivo","Cuidado corporal y fragancias","","false","45563","45563","","false","false","","https://cdn.shopify.com/s/files/1/0694/7563/1258/files/BelBat-455.png?v=1785534163","5","false","false","5","","469","false","false","false","true","false","false","false","","SAFE","Crema corporal Warm Vanilla Suga 226 g, Bath & Body &ndash; Drop Shop","Crema corporal Warm Vanilla Sugar de Bath &amp;amp; Body Works, con el mismo aroma de vainilla, orquídea blanca, azúcar, jazmín y sándalo que la bruma de la línea.Composición y usoFormulada con manteca de karité y ácido hialurónico; la marca declara hidratación intensa de hasta 48 horas para piel seca. Aplícala sobre la pi","Crema corporal Warm Vanilla Suga 226 g, Bath &amp; Body","Crema corporal Warm Vanilla Sugar de Bath &amp;amp; Body Works, con el mismo aroma de vainilla, orquídea blanca, azúcar, jazmín y sándalo que la bruma de la línea.Composición y usoFormulada con manteca de karité y ácido hialurónico; la marca declara hidratación intensa de hasta 48 horas para piel seca. Aplícala sobre la pi","https://drop-shop-g7.myshopify.com/products/crema-corporal-warm-vanilla-suga-226-g-bath-body","true","true","true","200","","BelBat-455","true","","COSMÉTICO/CUIDADO PERSONAL — validar NSO y rotulado","Sin claim de alto riesgo detectado en texto extraíble."
"splash-mist-warm-vanilla-sugar-236-ml-bath-body","https://drop-shop-g7.myshopify.com/products/splash-mist-warm-vanilla-sugar-236-ml-bath-body","Splash & Mist Warm Vanilla Sugar 236 ml, Bath & Body","Bath & Body Works","cosmético/cuidado personal o dispositivo","Cuidado corporal y fragancias","","true","71000","71000","","false","false","","https://cdn.shopify.com/s/files/1/0694/7563/1258/files/BelBat-454-360-slot.webp?v=1786651608","6","false","false","6","","428","false","false","false","true","true","false","false","","SAFE","Splash & Mist Warm Vanilla Sugar 236 ml, Bath & Body &ndash; Drop Shop","Bruma corporal Warm Vanilla Sugar de Bath &amp;amp; Body Works. Notas de vainilla envolvente, orquídea blanca, azúcar chispeante, jazmín fresco y sándalo cremoso.Cómo se usaSobre la piel seca después de la ducha. La marca la formula para cuerpo y cabello, y está pensada para superponerse con la crema del mismo aroma.Presen","Splash &amp; Mist Warm Vanilla Sugar 236 ml, Bath &amp; Body","Bruma corporal Warm Vanilla Sugar de Bath &amp;amp; Body Works. Notas de vainilla envolvente, orquídea blanca, azúcar chispeante, jazmín fresco y sándalo cremoso.Cómo se usaSobre la piel seca después de la ducha. La marca la formula para cuerpo y cabello, y está pensada para superponerse con la crema del mismo aroma.Presen","https://drop-shop-g7.myshopify.com/products/splash-mist-warm-vanilla-sugar-236-ml-bath-body","true","true","true","200","","BelBat-454","true","","COSMÉTICO/CUIDADO PERSONAL — validar NSO y rotulado","Sin claim de alto riesgo detectado en texto extraíble."
"crema-corporal-body-mist-236-ml-bath-body","https://drop-shop-g7.myshopify.com/products/crema-corporal-body-mist-236-ml-bath-body","Crema corporal Body Mist 236 ml, Bath & Body","Bath & Body Works","cosmético/cuidado personal o dispositivo","Cuidado corporal y fragancias","","true","72000","72000","","false","false","","https://cdn.shopify.com/s/files/1/0694/7563/1258/files/BelBat-453-360-slot.webp?v=1786651427","6","false","false","6","","506","false","false","false","true","true","false","false","","SAFE","Crema corporal Body Mist 236 ml, Bath & Body &ndash; Drop Shop","Crema corporal perfumada You&#39;re The One de Bath &amp;amp; Body Works, con el mismo aroma de la bruma: abedul blanco, rosa aterciopelada y néctar de fresa.Cómo se usaAplica sobre la piel limpia y masajea hasta que absorba. Combínala con la bruma del mismo aroma si quieres que el perfume dure más.Qué dice la marcaManteca de ","Crema corporal Body Mist 236 ml, Bath &amp; Body","Crema corporal perfumada You&#39;re The One de Bath &amp;amp; Body Works, con el mismo aroma de la bruma: abedul blanco, rosa aterciopelada y néctar de fresa.Cómo se usaAplica sobre la piel limpia y masajea hasta que absorba. Combínala con la bruma del mismo aroma si quieres que el perfume dure más.Qué dice la marcaManteca de ","https://drop-shop-g7.myshopify.com/products/crema-corporal-body-mist-236-ml-bath-body","true","true","true","200","","BelBat-453","true","","COSMÉTICO/CUIDADO PERSONAL — validar NSO y rotulado","Sin claim de alto riesgo detectado en texto extraíble."
"crema-corporal-champagne-toast-226g-bath-body","https://drop-shop-g7.myshopify.com/products/crema-corporal-champagne-toast-226g-bath-body","Crema corporal Champagne Toast 226g, Bath & Body","Bath & Body Works","cosmético/cuidado personal o dispositivo","Cuidado corporal y fragancias","","false","89900","89900","","false","false","","https://cdn.shopify.com/s/files/1/0694/7563/1258/files/BelBat-451.png?v=1785534161","5","false","false","5","","460","false","false","false","true","false","false","false","","SAFE","Crema corporal Champagne Toast 226g, Bath & Body &ndash; Drop Shop","Crema corporal Champagne Toast de Bath &amp;amp; Body Works, con el mismo aroma de champán burbujeante, frutos rojos y mandarina que la bruma de la línea.Composición y usoFormulada con manteca de karité y ácido hialurónico; la marca declara hidratación intensa de hasta 48 horas para piel seca. Aplícala sobre la piel limpia","Crema corporal Champagne Toast 226g, Bath &amp; Body","Crema corporal Champagne Toast de Bath &amp;amp; Body Works, con el mismo aroma de champán burbujeante, frutos rojos y mandarina que la bruma de la línea.Composición y usoFormulada con manteca de karité y ácido hialurónico; la marca declara hidratación intensa de hasta 48 horas para piel seca. Aplícala sobre la piel limpia","https://drop-shop-g7.myshopify.com/products/crema-corporal-champagne-toast-226g-bath-body","true","true","true","200","","BelBat-451","true","","COSMÉTICO/CUIDADO PERSONAL — validar NSO y rotulado","Sin claim de alto riesgo detectado en texto extraíble."
"splash-body-mist-236-ml-bath-body","https://drop-shop-g7.myshopify.com/products/splash-body-mist-236-ml-bath-body","Splash Body Mist 236 ml, Bath & Body","Bath & Body Works","cosmético/cuidado personal o dispositivo","Cuidado corporal y fragancias","","true","70000","70000","","false","false","","https://cdn.shopify.com/s/files/1/0694/7563/1258/files/BelBat-450-360-slot.webp?v=1786652299","6","false","false","6","","413","false","false","false","true","true","false","false","","SAFE","Splash Body Mist 236 ml, Bath & Body &ndash; Drop Shop","Bruma corporal You&#39;re The One de Bath &amp;amp; Body Works, de perfil floral, frutal y amaderado: abedul blanco, rosa aterciopelada y una gota de néctar de fresa.Cómo se usaPulveriza sobre la piel desde cierta distancia, después de la ducha. Puedes reaplicar durante el día para reavivar el aroma.Presentación: 236 ml.Datos ","Splash Body Mist 236 ml, Bath &amp; Body","Bruma corporal You&#39;re The One de Bath &amp;amp; Body Works, de perfil floral, frutal y amaderado: abedul blanco, rosa aterciopelada y una gota de néctar de fresa.Cómo se usaPulveriza sobre la piel desde cierta distancia, después de la ducha. Puedes reaplicar durante el día para reavivar el aroma.Presentación: 236 ml.Datos ","https://drop-shop-g7.myshopify.com/products/splash-body-mist-236-ml-bath-body","true","true","true","200","","BelBat-450","true","","COSMÉTICO/CUIDADO PERSONAL — validar NSO y rotulado","Sin claim de alto riesgo detectado en texto extraíble."
"tratamiento-capilar-artnaturals-aceite-de-romero-ricino-y-biotina-118-ml","https://drop-shop-g7.myshopify.com/products/tratamiento-capilar-artnaturals-aceite-de-romero-ricino-y-biotina-118-ml","Tratamiento capilar, Artnaturals Aceite de Romero + Ricino y Biotina 118 ML","ArtNaturals","cosmético/cuidado personal o dispositivo","Cuidado capilar","","false","94720","94720","","false","false","","https://cdn.shopify.com/s/files/1/0694/7563/1258/files/BelArt-311.png?v=1785534160","5","false","false","5","","545","false","false","false","true","true","false","false","tratamiento","REVIEW","Tratamiento capilar, Artnaturals Aceite de Romero + Ricino y Biotina 1 &ndash; Drop Shop","Rosemary + Castor Hair Growth Oil de ArtNaturals. Es una mezcla capilar de aceite de romero, aceite de ricino, aceite de coco, aceite de oliva y extracto de lavanda. La marca lo clasifica para todos los tipos de cabello.Cómo se usaAplica unas gotas directamente en el cuero cabelludo, masajea uno o dos minutos y lleva e","Tratamiento capilar, Artnaturals Aceite de Romero + Ricino y Biotina 1","Rosemary + Castor Hair Growth Oil de ArtNaturals. Es una mezcla capilar de aceite de romero, aceite de ricino, aceite de coco, aceite de oliva y extracto de lavanda. La marca lo clasifica para todos los tipos de cabello.Cómo se usaAplica unas gotas directamente en el cuero cabelludo, masajea uno o dos minutos y lleva e","https://drop-shop-g7.myshopify.com/products/tratamiento-capilar-artnaturals-aceite-de-romero-ricino-y-biotina-118-ml","true","true","true","200","","BelArt-311","true","","REVIEW","Término sensible contextual; comprobar contra etiqueta y autorización aplicable."
"delineador-para-ojos-almay-0-35gr","https://drop-shop-g7.myshopify.com/products/delineador-para-ojos-almay-0-35gr","Delineador Para Ojos Almay  0.35(gr)","Almay","cosmético/cuidado personal o dispositivo","Maquillaje","","false","64410","64410","","false","false","","https://cdn.shopify.com/s/files/1/0694/7563/1258/files/BelAlm-62-360-slot.jpg?v=1786636912","6","false","false","6","","561","false","false","false","true","true","false","false","","SAFE","Delineador Para Ojos Almay 0.35(gr) &ndash; Drop Shop","Delineador de ojos All-Day de Almay. Es un lápiz retráctil automático, no un delineador en gel de tarro.Qué dice la marcaFórmula resistente al agua, diseñada para mantener el trazo sin correrse ni transferirse a lo largo del día.ColorLa unidad que tenemos es negra. Si necesitas el nombre comercial exacto del tono (Blac","Delineador Para Ojos Almay 0.35(gr)","Delineador de ojos All-Day de Almay. Es un lápiz retráctil automático, no un delineador en gel de tarro.Qué dice la marcaFórmula resistente al agua, diseñada para mantener el trazo sin correrse ni transferirse a lo largo del día.ColorLa unidad que tenemos es negra. Si necesitas el nombre comercial exacto del tono (Blac","https://drop-shop-g7.myshopify.com/products/delineador-para-ojos-almay-0-35gr","true","true","true","200","","BelAlm-62","true","","COSMÉTICO/CUIDADO PERSONAL — validar NSO y rotulado","Sin claim de alto riesgo detectado en texto extraíble."
"polvos-covergil-clean-invisible-110","https://drop-shop-g7.myshopify.com/products/polvos-covergil-clean-invisible-110","Polvo Suelto Invisible Covergirl Ref.(110) Traslucido Palido","Covergirl","cosmético/cuidado personal o dispositivo","Maquillaje","frontpage","false","60000","60000","","false","false","","https://cdn.shopify.com/s/files/1/0694/7563/1258/files/PolvosCovergirlCleaninvisible1103.png?v=1756322105","5","false","false","5","","539","false","false","false","false","true","false","false","","SAFE","Polvo Suelto Invisible Covergirl Ref.(110) Traslucido Palido &ndash; Drop Shop","Clean Invisible Loose Powder de Covergirl en el tono 110 Translucent Light. Polvo suelto fino para fijar el maquillaje y controlar el brillo, con acabado suave y natural.Sobre el tonoEl 110 está orientado a pieles claras. Es translúcido, pero lleva una ligera tonalidad para integrarse mejor en ese rango.Qué dice la mar","Polvo Suelto Invisible Covergirl Ref.(110) Traslucido Palido","Clean Invisible Loose Powder de Covergirl en el tono 110 Translucent Light. Polvo suelto fino para fijar el maquillaje y controlar el brillo, con acabado suave y natural.Sobre el tonoEl 110 está orientado a pieles claras. Es translúcido, pero lleva una ligera tonalidad para integrarse mejor en ese rango.Qué dice la mar","https://drop-shop-g7.myshopify.com/products/polvos-covergil-clean-invisible-110","true","true","true","200","","BelCov-266","true","","COSMÉTICO/CUIDADO PERSONAL — validar NSO y rotulado","Sin claim de alto riesgo detectado en texto extraíble."
"protector-solar-neutrogena-ultra-spf-45-3-0oz-88ml","https://drop-shop-g7.myshopify.com/products/protector-solar-neutrogena-ultra-spf-45-3-0oz-88ml","Protector Solar Neutrogena Ultra SPF 45 3.0Oz (88ml)","Neutrogena","cosmético/cuidado personal o dispositivo","Protección solar","rostro","true","61630","61630","","false","false","","https://cdn.shopify.com/s/files/1/0694/7563/1258/files/SalNeu-171-principal-disponibles-2026-08-11.png?v=1786458835","5","false","false","5","","656","false","false","false","true","true","false","false","","SAFE","Protector Solar Neutrogena Ultra SPF 45 3.0Oz (88ml) &ndash; Drop Shop","Protector solar Neutrogena Ultra Sheer de amplio espectro SPF 45, con tecnología Helioplex frente a rayos UVA y UVB. El acabado Dry-Touch absorbe rápido y no deja brillo ni sensación grasa.Filtros que declara el fabricanteAvobenzona 3 %, homosalato 10 %, octisalato 5 % y octocrileno 10 %. Sin oxibenzona.Cómo se usaApli","Protector Solar Neutrogena Ultra SPF 45 3.0Oz (88ml)","Protector solar Neutrogena Ultra Sheer de amplio espectro SPF 45, con tecnología Helioplex frente a rayos UVA y UVB. El acabado Dry-Touch absorbe rápido y no deja brillo ni sensación grasa.Filtros que declara el fabricanteAvobenzona 3 %, homosalato 10 %, octisalato 5 % y octocrileno 10 %. Sin oxibenzona.Cómo se usaApli","https://drop-shop-g7.myshopify.com/products/protector-solar-neutrogena-ultra-spf-45-3-0oz-88ml","true","true","true","200","","SalNeu-171","true","","COSMÉTICO/CUIDADO PERSONAL — validar NSO y rotulado","Sin claim de alto riesgo detectado en texto extraíble."
"victorias-secret-locion-nutritiva-para-manos-y-cuerpo-bare-vanilla","https://drop-shop-g7.myshopify.com/products/victorias-secret-locion-nutritiva-para-manos-y-cuerpo-bare-vanilla","Victoria's Secret Loción nutritiva para manos y cuerpo Bare Vanilla","Victoria's Secret","cosmético/cuidado personal o dispositivo","Cuidado corporal y fragancias","cuerpo-y-aroma","true","70057","70057","","false","false","","https://cdn.shopify.com/s/files/1/0694/7563/1258/files/BelVic-462-360-slot.webp?v=1786647513","6","false","false","6","","446","false","false","false","true","true","false","false","","SAFE","Victoria's Secret Loción nutritiva para manos y cuerpo Bare Vanilla &ndash; Drop Shop","Loción corporal perfumada Bare Vanilla de Victoria&#39;s Secret, con las mismas notas de vainilla batida y cachemira suave. Hidratación ligera que deja la piel suavemente perfumada.Cómo se usaAplica a diario sobre la piel, sobre todo después del baño. Puedes combinarla con la bruma del mismo aroma para reforzar la fraganci","Victoria&#39;s Secret Loción nutritiva para manos y cuerpo Bare Vanilla","Loción corporal perfumada Bare Vanilla de Victoria&#39;s Secret, con las mismas notas de vainilla batida y cachemira suave. Hidratación ligera que deja la piel suavemente perfumada.Cómo se usaAplica a diario sobre la piel, sobre todo después del baño. Puedes combinarla con la bruma del mismo aroma para reforzar la fraganci","https://drop-shop-g7.myshopify.com/products/victorias-secret-locion-nutritiva-para-manos-y-cuerpo-bare-vanilla","true","true","true","200","","BelVic-462","true","","COSMÉTICO/CUIDADO PERSONAL — validar NSO y rotulado","Sin claim de alto riesgo detectado en texto extraíble."
"splash-pure-seduction-victorias-secret-250ml","https://drop-shop-g7.myshopify.com/products/splash-pure-seduction-victorias-secret-250ml","Splash Pure Seduction Victoria's Secret 250ml","Victoria's Secret","cosmético/cuidado personal o dispositivo","Cuidado corporal y fragancias","mas-vendidos|cuerpo-y-aroma","true","66574","66574","","false","false","","https://cdn.shopify.com/s/files/1/0694/7563/1258/files/BelVic-458-360-slot.webp?v=1786656598","6","false","false","6","","415","false","false","false","true","true","false","false","","SAFE","Splash Pure Seduction Victoria's Secret 250ml &ndash; Drop Shop","Bruma corporal Pure Seduction de Victoria&#39;s Secret. La marca la describe como una infusión afrutada y seductora, con almizcle suave en las notas de fondo.Cómo se usaSobre la piel seca después de la ducha. Es una bruma corporal, no un perfume concentrado: la estela es más suave y dura menos horas.Presentación: 250 ml.No","Splash Pure Seduction Victoria&#39;s Secret 250ml","Bruma corporal Pure Seduction de Victoria&#39;s Secret. La marca la describe como una infusión afrutada y seductora, con almizcle suave en las notas de fondo.Cómo se usaSobre la piel seca después de la ducha. Es una bruma corporal, no un perfume concentrado: la estela es más suave y dura menos horas.Presentación: 250 ml.No","https://drop-shop-g7.myshopify.com/products/splash-pure-seduction-victorias-secret-250ml","true","true","true","200","","BelVic-458","true","","COSMÉTICO/CUIDADO PERSONAL — validar NSO y rotulado","Sin claim de alto riesgo detectado en texto extraíble."
"splash-bare-vanilla-victorias-secret-250ml","https://drop-shop-g7.myshopify.com/products/splash-bare-vanilla-victorias-secret-250ml","Splash Bare Vanilla Victoria's Secret 250ml","Victoria's Secret","cosmético/cuidado personal o dispositivo","Cuidado corporal y fragancias","mas-vendidos|cuerpo-y-aroma","true","71281","71281","","false","false","","https://cdn.shopify.com/s/files/1/0694/7563/1258/files/BelVic-457-principal.png?v=1786466574","5","false","false","5","","364","false","false","false","true","true","false","false","","SAFE","Splash Bare Vanilla Victoria's Secret 250ml &ndash; Drop Shop","Bruma corporal Bare Vanilla de Victoria&#39;s Secret. Es un gourmand cálido y dulce: la marca declara notas de vainilla batida y cachemira suave.Cómo se usaAplica sobre cuello, torso y puntos de pulso. Evita el rostro y el contorno de los ojos.Presentación: 250 ml.Datos y modo de uso según Victoria&#39;s Secret. Sigue siempre ","Splash Bare Vanilla Victoria&#39;s Secret 250ml","Bruma corporal Bare Vanilla de Victoria&#39;s Secret. Es un gourmand cálido y dulce: la marca declara notas de vainilla batida y cachemira suave.Cómo se usaAplica sobre cuello, torso y puntos de pulso. Evita el rostro y el contorno de los ojos.Presentación: 250 ml.Datos y modo de uso según Victoria&#39;s Secret. Sigue siempre ","https://drop-shop-g7.myshopify.com/products/splash-bare-vanilla-victorias-secret-250ml","true","true","true","200","","BelVic-457","true","","COSMÉTICO/CUIDADO PERSONAL — validar NSO y rotulado","Sin claim de alto riesgo detectado en texto extraíble."
"set-de-brochas-para-ojos-sephora","https://drop-shop-g7.myshopify.com/products/set-de-brochas-para-ojos-sephora","Set de brochas para ojos, Sephora","Sephora","cosmético/cuidado personal o dispositivo","Maquillaje","maquillaje","true","54950","54950","","false","false","","https://cdn.shopify.com/s/files/1/0694/7563/1258/files/BelSep-376-360-slot.jpg?v=1786640614","6","false","false","6","","587","false","false","false","false","true","false","false","","SAFE","Set de brochas para ojos, Sephora &ndash; Drop Shop","Essential Eye Brush Set de Sephora Collection. La unidad que tenemos es la versión anterior, de cinco brochas veganas y sintéticas, no el set actual de cuatro.Qué incluyeBrocha pequeña de precisión o difuminado; brocha plana ancha para aplicar sombra; brocha plana compacta para depositar color; brocha esponjosa para la","Set de brochas para ojos, Sephora","Essential Eye Brush Set de Sephora Collection. La unidad que tenemos es la versión anterior, de cinco brochas veganas y sintéticas, no el set actual de cuatro.Qué incluyeBrocha pequeña de precisión o difuminado; brocha plana ancha para aplicar sombra; brocha plana compacta para depositar color; brocha esponjosa para la","https://drop-shop-g7.myshopify.com/products/set-de-brochas-para-ojos-sephora","true","true","true","200","","BelSep-376","true","","COSMÉTICO/CUIDADO PERSONAL — validar NSO y rotulado","Sin claim de alto riesgo detectado en texto extraíble."
"laca-de-fijacion-got2b-ultra-fuerte-para-el-cabello-12-onzas-x-340g-schwarzkopf","https://drop-shop-g7.myshopify.com/products/laca-de-fijacion-got2b-ultra-fuerte-para-el-cabello-12-onzas-x-340g-schwarzkopf","Laca de fijación Got2b ultra-fuerte para el cabello, 12 onzas x 340g, Schwarzkopf","got2b","cosmético/cuidado personal o dispositivo","Cuidado capilar","cabello","true","75862.5","75862.5","89250.00","false","false","","https://cdn.shopify.com/s/files/1/0694/7563/1258/files/BelSch-304-principal-lote-03.png?v=1786397636","5","false","false","5","","512","false","false","false","true","true","false","false","","SAFE","Laca de fijación Got2b ultra-fuerte para el cabello, 12 onzas x 340g, &ndash; Drop Shop","Glued Blasting Freeze Spray de got2b. Es una laca de fijación extrema (la marca la llama screaming hold), pensada para fijar puntas, peinados rígidos y estilos que deben conservar la forma hasta el siguiente lavado.Qué esperarEl acabado es duro, tipo cemento. No es una laca flexible ni de acabado natural: si buscas mov","Laca de fijación Got2b ultra-fuerte para el cabello, 12 onzas x 340g, ","Glued Blasting Freeze Spray de got2b. Es una laca de fijación extrema (la marca la llama screaming hold), pensada para fijar puntas, peinados rígidos y estilos que deben conservar la forma hasta el siguiente lavado.Qué esperarEl acabado es duro, tipo cemento. No es una laca flexible ni de acabado natural: si buscas mov","https://drop-shop-g7.myshopify.com/products/laca-de-fijacion-got2b-ultra-fuerte-para-el-cabello-12-onzas-x-340g-schwarzkopf","true","true","true","200","","BelSch-304","true","","COSMÉTICO/CUIDADO PERSONAL — validar NSO y rotulado","Sin claim de alto riesgo detectado en texto extraíble."
"cepillo-one-step-voluminizador-plus-2-0-revlon","https://drop-shop-g7.myshopify.com/products/cepillo-one-step-voluminizador-plus-2-0-revlon","Cepillo One Step Voluminizador Plus 2.0, Revlon","Revlon","cosmético/cuidado personal o dispositivo","Cuidado capilar","mas-vendidos|cabello","true","270351","270351","318060.00","false","false","","https://cdn.shopify.com/s/files/1/0694/7563/1258/files/BelRev-118-principal-lote-03.png?v=1786397632","5","false","false","5","","491","false","false","false","false","true","false","false","","SAFE","Cepillo One Step Voluminizador Plus 2.0, Revlon &ndash; Drop Shop","One-Step Volumizer Plus 2.0 de Revlon. Es un cepillo secador ovalado que seca, alisa y da volumen en un solo paso.Qué cambia en la versión Plus 2.0El cabezal es más pequeño (unas 2,4 pulgadas) y el mango más delgado, lo que facilita acercarse a la raíz. Añade un ajuste medio de temperatura y el cabezal se desmonta, así","Cepillo One Step Voluminizador Plus 2.0, Revlon","One-Step Volumizer Plus 2.0 de Revlon. Es un cepillo secador ovalado que seca, alisa y da volumen en un solo paso.Qué cambia en la versión Plus 2.0El cabezal es más pequeño (unas 2,4 pulgadas) y el mango más delgado, lo que facilita acercarse a la raíz. Añade un ajuste medio de temperatura y el cabezal se desmonta, así","https://drop-shop-g7.myshopify.com/products/cepillo-one-step-voluminizador-plus-2-0-revlon","true","true","true","200","","BelRev-118","true","","COSMÉTICO/CUIDADO PERSONAL — validar NSO y rotulado","Sin claim de alto riesgo detectado en texto extraíble."
"agua-de-rosas-2-fl-oz-59-ml-botella-frasco","https://drop-shop-g7.myshopify.com/products/agua-de-rosas-2-fl-oz-59-ml-botella-frasco","Agua de rosas 2 fl oz 59 mL Botella/Frasco","Piping Rock","cosmético/cuidado personal o dispositivo","Cuidado facial","rostro","true","48000","48000","","false","false","","https://cdn.shopify.com/s/files/1/0694/7563/1258/files/BelPip-295-360-slot.jpg?v=1786637800","6","false","false","6","","617","false","false","false","true","true","false","false","","SAFE","Agua de rosas 2 fl oz 59 mL Botella/Frasco &ndash; Drop Shop","Bulgarian Rose Water de Piping Rock. Es una bruma o tónico de agua floral de Rosa damascena, para refrescar e hidratar ligeramente piel y cabello.Cómo se usaPulveriza directamente sobre rostro, cuerpo o cabello, con los ojos cerrados.Sobre la fórmulaLa página oficial no publica la lista INCI completa en texto, así que ","Agua de rosas 2 fl oz 59 mL Botella/Frasco","Bulgarian Rose Water de Piping Rock. Es una bruma o tónico de agua floral de Rosa damascena, para refrescar e hidratar ligeramente piel y cabello.Cómo se usaPulveriza directamente sobre rostro, cuerpo o cabello, con los ojos cerrados.Sobre la fórmulaLa página oficial no publica la lista INCI completa en texto, así que ","https://drop-shop-g7.myshopify.com/products/agua-de-rosas-2-fl-oz-59-ml-botella-frasco","true","true","true","200","","BelPip-295","true","","COSMÉTICO/CUIDADO PERSONAL — validar NSO y rotulado","Sin claim de alto riesgo detectado en texto extraíble."
"cabezales-para-cepillo-philips-sonicare-c1-5pz","https://drop-shop-g7.myshopify.com/products/cabezales-para-cepillo-philips-sonicare-c1-5pz","Cabezales Para Cepillo Philips Sonicare C1 - 5pz","Philips","cosmético/cuidado personal o dispositivo","Higiene oral","higiene-bucal","true","121416","121416","","false","false","","https://cdn.shopify.com/s/files/1/0694/7563/1258/files/BelPhi-282-principal-lote-philips-02.png?v=1786397044","5","false","false","5","","613","false","false","false","false","false","false","false","","SAFE","Cabezales Para Cepillo Philips Sonicare C1 - 5pz &ndash; Drop Shop","Pack de 5 cabezales de repuesto para cepillo dental Philips Sonicare, serie C1 ProResults, para la limpieza diaria.Compatibilidad. Ajuste a presión (snap-on), el estándar de los mangos Sonicare actuales. Antes de comprar, comprueba que tu mango sea de ajuste a presión y no de rosca: si tienes dudas, escríbenos con el m","Cabezales Para Cepillo Philips Sonicare C1 - 5pz","Pack de 5 cabezales de repuesto para cepillo dental Philips Sonicare, serie C1 ProResults, para la limpieza diaria.Compatibilidad. Ajuste a presión (snap-on), el estándar de los mangos Sonicare actuales. Antes de comprar, comprueba que tu mango sea de ajuste a presión y no de rosca: si tienes dudas, escríbenos con el m","https://drop-shop-g7.myshopify.com/products/cabezales-para-cepillo-philips-sonicare-c1-5pz","true","true","true","200","","BelPhi-282","true","","COSMÉTICO/CUIDADO PERSONAL — validar NSO y rotulado","Sin claim de alto riesgo detectado en texto extraíble."
"cabezales-para-cepillo-philips-sonicare-w2-4pz","https://drop-shop-g7.myshopify.com/products/cabezales-para-cepillo-philips-sonicare-w2-4pz","Cabezales Para Cepillo Philips Sonicare W2 - 4pz","Philips","cosmético/cuidado personal o dispositivo","Higiene oral","higiene-bucal","true","160000","160000","","false","false","","https://cdn.shopify.com/s/files/1/0694/7563/1258/files/BelPhi-263-Negro-principal-lote-philips-02.png?v=1786397040","5","false","false","5","","629","false","false","false","false","false","false","false","","SAFE","Cabezales Para Cepillo Philips Sonicare W2 - 4pz &ndash; Drop Shop","Pack de 4 cabezales de repuesto para cepillo dental Philips Sonicare, serie W2 Optimal White, enfocado a las manchas superficiales.Compatibilidad. Ajuste a presión (snap-on), el estándar de los mangos Sonicare actuales. Antes de comprar, comprueba que tu mango sea de ajuste a presión y no de rosca: si tienes dudas, esc","Cabezales Para Cepillo Philips Sonicare W2 - 4pz","Pack de 4 cabezales de repuesto para cepillo dental Philips Sonicare, serie W2 Optimal White, enfocado a las manchas superficiales.Compatibilidad. Ajuste a presión (snap-on), el estándar de los mangos Sonicare actuales. Antes de comprar, comprueba que tu mango sea de ajuste a presión y no de rosca: si tienes dudas, esc","https://drop-shop-g7.myshopify.com/products/cabezales-para-cepillo-philips-sonicare-w2-4pz","true","true","true","200","","BelPhi-263-Negro","true","","COSMÉTICO/CUIDADO PERSONAL — validar NSO y rotulado","Sin claim de alto riesgo detectado en texto extraíble."
"cepillo-dental-electrico-philips-sonicare-one-para-ninos-azul","https://drop-shop-g7.myshopify.com/products/cepillo-dental-electrico-philips-sonicare-one-para-ninos-azul","Cepillo dental Electrico Philips Sonicare One para niños azul","Philips","cosmético/cuidado personal o dispositivo","Higiene oral","higiene-bucal","true","51500","51500","","false","false","cepillo-dental-electrico-philips-sonicare-one-para-ninos-morado","https://cdn.shopify.com/s/files/1/0694/7563/1258/files/BelPhi-197-Azul-principal-philips-01.png?v=1786397030","5","false","false","5","","798","false","false","false","false","true","false","false","","SAFE","Cepillo dental Electrico Philips Sonicare One para niños azul &ndash; Drop Shop","Cepillo dental eléctrico Philips One for Kids by Sonicare, pensado para niños de 3 años en adelante. Funciona con pila, no con base de carga. Este es el azul.Cómo limpiaUsa microvibraciones suaves, para que el paso del cepillo manual al eléctrico no sea brusco. El cabezal es compacto, de cerdas suaves y con respaldo de","Cepillo dental Electrico Philips Sonicare One para niños azul","Cepillo dental eléctrico Philips One for Kids by Sonicare, pensado para niños de 3 años en adelante. Funciona con pila, no con base de carga. Este es el azul.Cómo limpiaUsa microvibraciones suaves, para que el paso del cepillo manual al eléctrico no sea brusco. El cabezal es compacto, de cerdas suaves y con respaldo de","https://drop-shop-g7.myshopify.com/products/cepillo-dental-electrico-philips-sonicare-one-para-ninos-azul","true","true","true","200","","BelPhi-197-Azul","true","","COSMÉTICO/CUIDADO PERSONAL — validar NSO y rotulado","Sin claim de alto riesgo detectado en texto extraíble."
"exfoliante-acido-salicilico-bha-al-2-paulas-choice-x30-ml","https://drop-shop-g7.myshopify.com/products/exfoliante-acido-salicilico-bha-al-2-paulas-choice-x30-ml","Exfoliante Acido Salicílico BHA al 2 % Paula's Choice x30 ml","Paula's Choice","cosmético/cuidado personal o dispositivo","Cuidado facial","mas-vendidos|rostro","true","74596","74596","","false","false","","https://cdn.shopify.com/s/files/1/0694/7563/1258/files/BelPau-001-principal.png?v=1786466569","5","false","false","5","","436","false","false","false","true","true","true","false","","SAFE","Exfoliante Acido Salicílico BHA al 2 % Paula's Choice x30 ml &ndash; Drop Shop","Exfoliante líquido con ácido salicílico al 2 %, el producto más vendido de Paula&#39;s Choice en el mundo. Desobstruye los poros y suaviza la textura sin frotar: la exfoliación es química, no mecánica.Cómo se usaLa fórmula está pensada para uso diario. Consulta en la etiqueta de tu envase la pauta y las advertencias comple","Exfoliante Acido Salicílico BHA al 2 % Paula&#39;s Choice x30 ml","Exfoliante líquido con ácido salicílico al 2 %, el producto más vendido de Paula&#39;s Choice en el mundo. Desobstruye los poros y suaviza la textura sin frotar: la exfoliación es química, no mecánica.Cómo se usaLa fórmula está pensada para uso diario. Consulta en la etiqueta de tu envase la pauta y las advertencias comple","https://drop-shop-g7.myshopify.com/products/exfoliante-acido-salicilico-bha-al-2-paulas-choice-x30-ml","true","true","true","200","","BelPau-001","true","","COSMÉTICO/CUIDADO PERSONAL — validar NSO y rotulado","Sin claim de alto riesgo detectado en texto extraíble."
"acido-glicolico-the-ordinary-100ml-uso-facial","https://drop-shop-g7.myshopify.com/products/acido-glicolico-the-ordinary-100ml-uso-facial","Acido Glicolico The Ordinary 100(ml), uso facial","The Ordinary","cosmético/cuidado personal o dispositivo","Cuidado facial","mas-vendidos|rostro","true","74987","74987","","false","false","","https://cdn.shopify.com/s/files/1/0694/7563/1258/files/BelOrd-58-360-slot.webp?v=1786644937","6","false","false","6","","867","false","false","false","true","true","true","true","","SAFE","Acido Glicolico The Ordinary 100(ml), uso facial &ndash; Drop Shop","Tónico exfoliante con ácido glicólico al 7 % de The Ordinary. Renueva la superficie de la piel y aporta luminosidad.Cómo se usaAplica una vez al día, preferiblemente por la noche, en rostro y cuello, con un algodón o con los dedos. No se aclara.Advertencias Contiene un alfa hidroxiácido (AHA) que puede aumentar la sens","Acido Glicolico The Ordinary 100(ml), uso facial","Tónico exfoliante con ácido glicólico al 7 % de The Ordinary. Renueva la superficie de la piel y aporta luminosidad.Cómo se usaAplica una vez al día, preferiblemente por la noche, en rostro y cuello, con un algodón o con los dedos. No se aclara.Advertencias Contiene un alfa hidroxiácido (AHA) que puede aumentar la sens","https://drop-shop-g7.myshopify.com/products/acido-glicolico-the-ordinary-100ml-uso-facial","true","true","true","200","","BelOrd-58","true","","COSMÉTICO/CUIDADO PERSONAL — validar NSO y rotulado","Sin claim de alto riesgo detectado en texto extraíble."
"serum-niacinamida-ordinary-30ml-tratamiento-facial","https://drop-shop-g7.myshopify.com/products/serum-niacinamida-ordinary-30ml-tratamiento-facial","Serum Niacinamida Ordinary 30(ml), tratamiento facial","The Ordinary","cosmético/cuidado personal o dispositivo","Cuidado facial","mas-vendidos|rostro","true","60030","60030","","false","false","","https://cdn.shopify.com/s/files/1/0694/7563/1258/files/BelOrd-55-360-slot.jpg?v=1786571724","6","false","false","6","","660","false","false","false","true","true","true","true","tratamiento","REVIEW","Serum Niacinamida Ordinary 30(ml), tratamiento facial &ndash; Drop Shop","Sérum de niacinamida al 10 % con zinc al 1 % de The Ordinary. Ayuda a regular la producción de grasa y a reducir el aspecto de poros y marcas.Cómo se usaAplica unas gotas en el rostro por la mañana y por la noche, después de limpiar y antes de las cremas o tratamientos más densos. Al ser una fórmula con base de agua, v","Serum Niacinamida Ordinary 30(ml), tratamiento facial","Sérum de niacinamida al 10 % con zinc al 1 % de The Ordinary. Ayuda a regular la producción de grasa y a reducir el aspecto de poros y marcas.Cómo se usaAplica unas gotas en el rostro por la mañana y por la noche, después de limpiar y antes de las cremas o tratamientos más densos. Al ser una fórmula con base de agua, v","https://drop-shop-g7.myshopify.com/products/serum-niacinamida-ordinary-30ml-tratamiento-facial","true","true","true","200","","BelOrd-55","true","","REVIEW","Término sensible contextual; comprobar contra etiqueta y autorización aplicable."
"acido-salicilico-ordinary-30ml-uso-facial","https://drop-shop-g7.myshopify.com/products/acido-salicilico-ordinary-30ml-uso-facial","Acido Salicilico Ordinary 30(ml), uso facial","The Ordinary","cosmético/cuidado personal o dispositivo","Cuidado facial","mas-vendidos|rostro","true","60060","60060","","false","false","","https://cdn.shopify.com/s/files/1/0694/7563/1258/files/BelOrd-217-360-slot.jpg?v=1786563076","6","false","false","6","","761","false","false","false","true","false","true","true","","SAFE","Acido Salicilico Ordinary 30(ml), uso facial &ndash; Drop Shop","Solución de ácido salicílico (BHA) de The Ordinary para uso facial. Exfolia dentro del poro y ayuda a reducir imperfecciones en piel grasa.Advertencias Contiene un beta hidroxiácido (BHA) que puede aumentar la sensibilidad de la piel al sol y la posibilidad de quemadura solar: usa protector solar, ropa que cubra y limi","Acido Salicilico Ordinary 30(ml), uso facial","Solución de ácido salicílico (BHA) de The Ordinary para uso facial. Exfolia dentro del poro y ayuda a reducir imperfecciones en piel grasa.Advertencias Contiene un beta hidroxiácido (BHA) que puede aumentar la sensibilidad de la piel al sol y la posibilidad de quemadura solar: usa protector solar, ropa que cubra y limi","https://drop-shop-g7.myshopify.com/products/acido-salicilico-ordinary-30ml-uso-facial","true","true","true","200","","BelOrd-217","true","","COSMÉTICO/CUIDADO PERSONAL — validar NSO y rotulado","Sin claim de alto riesgo detectado en texto extraíble."
"acido-azelaico-al-10-1fl-oz-the-ordinary","https://drop-shop-g7.myshopify.com/products/acido-azelaico-al-10-1fl-oz-the-ordinary","Acido azelaico al 10% 1Fl Oz, The Ordinary","The Ordinary","cosmético/cuidado personal o dispositivo","Cuidado facial","mas-vendidos|rostro","true","90915","90915","","false","false","","https://cdn.shopify.com/s/files/1/0694/7563/1258/files/BelOrd-194-360-slot.jpg?v=1786566630","6","false","false","6","","602","false","false","false","true","true","true","true","","SAFE","Acido azelaico al 10% 1Fl Oz, The Ordinary &ndash; Drop Shop","Suspensión de ácido azelaico al 10 % de The Ordinary, en un sistema de crema-gel ligero. Se usa para trabajar manchas y tono desigual del rostro.Cómo se usaAplica una pequeña cantidad en el rostro por la mañana y por la noche. Evita el contorno de ojos y el contacto con ojos y boca.Advertencias Usa protección solar dur","Acido azelaico al 10% 1Fl Oz, The Ordinary","Suspensión de ácido azelaico al 10 % de The Ordinary, en un sistema de crema-gel ligero. Se usa para trabajar manchas y tono desigual del rostro.Cómo se usaAplica una pequeña cantidad en el rostro por la mañana y por la noche. Evita el contorno de ojos y el contacto con ojos y boca.Advertencias Usa protección solar dur","https://drop-shop-g7.myshopify.com/products/acido-azelaico-al-10-1fl-oz-the-ordinary","true","true","true","200","","BelOrd-194","true","","COSMÉTICO/CUIDADO PERSONAL — validar NSO y rotulado","Sin claim de alto riesgo detectado en texto extraíble."
"hidratante-facial-olay-regenerist-hyaluronic-peptide-24","https://drop-shop-g7.myshopify.com/products/hidratante-facial-olay-regenerist-hyaluronic-peptide-24","Hidratante facial Olay Regenerist Hyaluronic + Peptide 24","Olay","REVIEW","Cuidado facial","rostro","true","79920","79920","","false","false","","https://cdn.shopify.com/s/files/1/0694/7563/1258/files/BelOla-377-360-slot.jpg?v=1786570776","6","false","false","6","","745","true","false","false","false","true","false","false","","SAFE","Hidratante facial Olay Regenerist Hyaluronic + Peptide 24 &ndash; Drop Shop","Hidratante facial Olay Regenerist Hyaluronic + Peptide 24, de textura gel y sin fragancia.Qué llevaLos ingredientes declarados incluyen niacinamida, hialuronato de sodio (la forma en sal del ácido hialurónico, que retiene agua), palmitoil pentapéptido-4 (el péptido conocido como KTTKS o pentapéptido de colágeno) y pant","Hidratante facial Olay Regenerist Hyaluronic + Peptide 24","Hidratante facial Olay Regenerist Hyaluronic + Peptide 24, de textura gel y sin fragancia.Qué llevaLos ingredientes declarados incluyen niacinamida, hialuronato de sodio (la forma en sal del ácido hialurónico, que retiene agua), palmitoil pentapéptido-4 (el péptido conocido como KTTKS o pentapéptido de colágeno) y pant","https://drop-shop-g7.myshopify.com/products/hidratante-facial-olay-regenerist-hyaluronic-peptide-24","true","true","true","200","","BelOla-377","true","","COSMÉTICO/CUIDADO PERSONAL — validar NSO y rotulado","Sin claim de alto riesgo detectado en texto extraíble."
"ogx-aceite-de-argan-de-marruecos-penetrante-3-3-onzas-3-3-fl-oz","https://drop-shop-g7.myshopify.com/products/ogx-aceite-de-argan-de-marruecos-penetrante-3-3-onzas-3-3-fl-oz","Ogx Aceite de argán de Marruecos penetrante 3.3 onzas (3.3 fl oz)","OGX","cosmético/cuidado personal o dispositivo","Cuidado capilar","cabello","true","51047.6","51047.6","60056.00","false","false","","https://cdn.shopify.com/s/files/1/0694/7563/1258/files/BelOgx-001-360-slot.webp?v=1786643788","6","false","false","6","","553","false","false","false","true","true","false","false","tratamiento","REVIEW","Ogx Aceite de argán de Marruecos penetrante 3.3 onzas (3.3 fl oz) &ndash; Drop Shop","Renewing + Argan Oil of Morocco Penetrating Oil de OGX. Es un tratamiento capilar sin enjuague con aceite de argán y siliconas acondicionadoras.Para quién esLa marca lo indica para todo tipo y textura de cabello, sobre todo para aportar suavidad, brillo y control en medios y puntas.Cómo se usaPon una pequeña cantidad e","Ogx Aceite de argán de Marruecos penetrante 3.3 onzas (3.3 fl oz)","Renewing + Argan Oil of Morocco Penetrating Oil de OGX. Es un tratamiento capilar sin enjuague con aceite de argán y siliconas acondicionadoras.Para quién esLa marca lo indica para todo tipo y textura de cabello, sobre todo para aportar suavidad, brillo y control en medios y puntas.Cómo se usaPon una pequeña cantidad e","https://drop-shop-g7.myshopify.com/products/ogx-aceite-de-argan-de-marruecos-penetrante-3-3-onzas-3-3-fl-oz","true","true","true","200","","BelOgx-001","true","","REVIEW","Término sensible contextual; comprobar contra etiqueta y autorización aplicable."
"lumify-redad-alivio-gotas-de-ojos-0-08-onzas-2-5ml","https://drop-shop-g7.myshopify.com/products/lumify-redad-alivio-gotas-de-ojos-0-08-onzas-2-5ml","LUMIFY Redad Alivio Gotas de ojos 0.08 onzas (2.5ml)","Lumify","medicamento/OTC - confirmar estatus INVIMA","Cuidado de ojos, cejas y pestañas","rostro","true","112962","112962","","false","false","","https://cdn.shopify.com/s/files/1/0694/7563/1258/files/BelLum-001-360-slot.webp?v=1786645047","6","false","false","6","","991","false","false","false","true","true","true","false","alivio","REMOVE / REWRITE","LUMIFY Redad Alivio Gotas de ojos 0.08 onzas (2.5ml) &ndash; Drop Shop","Gotas oftálmicas de venta libre con tartrato de brimonidina al 0,025 %, indicadas para aliviar el enrojecimiento del ojo por irritaciones menores.Cómo actúaLa brimonidina es un agonista alfa-2 selectivo: contrae las vénulas en lugar de las arteriolas, lo que reduce el enrojecimiento con menor riesgo de efecto rebote qu","LUMIFY Redad Alivio Gotas de ojos 0.08 onzas (2.5ml)","Gotas oftálmicas de venta libre con tartrato de brimonidina al 0,025 %, indicadas para aliviar el enrojecimiento del ojo por irritaciones menores.Cómo actúaLa brimonidina es un agonista alfa-2 selectivo: contrae las vénulas en lugar de las arteriolas, lo que reduce el enrojecimiento con menor riesgo de efecto rebote qu","https://drop-shop-g7.myshopify.com/products/lumify-redad-alivio-gotas-de-ojos-0-08-onzas-2-5ml","true","true","true","200","","BelLum-001","true","P0: Brimonidina oftálmica con claims de inicio y duración, respaldados solo con FDA/fabricante; requiere verificación INVIMA y copy limitado a lo autorizado.","MEDICAMENTO / ESTATUS COLOMBIA NO VERIFICADO","Brimonidina oftálmica con claims de inicio y duración, respaldados solo con FDA/fabricante; requiere verificación INVIMA y copy limitado a lo autorizado."
"base-bb-cream-loreal-paris-30-ml","https://drop-shop-g7.myshopify.com/products/base-bb-cream-loreal-paris-30-ml","Base Bb Cream L'oréal Paris 30 (ml)","L'Oréal Paris","REVIEW","Maquillaje","maquillaje","true","89000","89000","","false","false","","https://cdn.shopify.com/s/files/1/0694/7563/1258/files/BelLor-33-360-slot.jpg?v=1786632126","6","false","false","6","","506","false","false","false","true","true","false","false","","SAFE","Base Bb Cream L'oréal Paris 30 (ml) &ndash; Drop Shop","Magic Skin Beautifier BB Cream de L&#39;Oréal Paris en la variante Anti-Redness, que es verde en el envase y no un tono tradicional de base.Cómo funcionaLos pigmentos verdes neutralizan visualmente las rojeces y al extenderla se transforman en un tono universal. Da cobertura ligera, hidratación y acabado natural.Importante","Base Bb Cream L&#39;oréal Paris 30 (ml)","Magic Skin Beautifier BB Cream de L&#39;Oréal Paris en la variante Anti-Redness, que es verde en el envase y no un tono tradicional de base.Cómo funcionaLos pigmentos verdes neutralizan visualmente las rojeces y al extenderla se transforman en un tono universal. Da cobertura ligera, hidratación y acabado natural.Importante","https://drop-shop-g7.myshopify.com/products/base-bb-cream-loreal-paris-30-ml","true","true","true","200","","BelLor-33","true","","COSMÉTICO/CUIDADO PERSONAL — validar NSO y rotulado","Sin claim de alto riesgo detectado en texto extraíble."
"lashfood-prebase-para-pestanas-con-colageno","https://drop-shop-g7.myshopify.com/products/lashfood-prebase-para-pestanas-con-colageno","Lashfood Prebase Para Pestañas Con Colágeno","LashFood","cosmético/cuidado personal o dispositivo","Cuidado de ojos, cejas y pestañas","maquillaje","true","71635","71635","","false","false","","https://cdn.shopify.com/s/files/1/0694/7563/1258/files/BelLas-118-360-slot.webp?v=1786649466","6","false","false","6","","522","false","false","false","true","true","false","false","","SAFE","Lashfood Prebase Para Pestañas Con Colágeno &ndash; Drop Shop","Conditioning Collagen Lash Primer de LashFood. Prebase blanca para pestañas con colágeno, péptidos y microfibras, que ayudan a crear apariencia de mayor longitud y volumen antes de la máscara.Cómo se usaAplica desde la raíz con un ligero movimiento en zigzag hasta las puntas y repite si quieres más efecto; después cubr","Lashfood Prebase Para Pestañas Con Colágeno","Conditioning Collagen Lash Primer de LashFood. Prebase blanca para pestañas con colágeno, péptidos y microfibras, que ayudan a crear apariencia de mayor longitud y volumen antes de la máscara.Cómo se usaAplica desde la raíz con un ligero movimiento en zigzag hasta las puntas y repite si quieres más efecto; después cubr","https://drop-shop-g7.myshopify.com/products/lashfood-prebase-para-pestanas-con-colageno","true","true","true","200","","BelLas-118","true","","COSMÉTICO/CUIDADO PERSONAL — validar NSO y rotulado","Sin claim de alto riesgo detectado en texto extraíble."
"tinte-para-bigote-y-barba-just-for-men-ref-m35-x2-5-onz","https://drop-shop-g7.myshopify.com/products/tinte-para-bigote-y-barba-just-for-men-ref-m35-x2-5-onz","Tinte para bigote y barba Just For Men REF. M35 x2.5 onz","Just For Men","cosmético/cuidado personal o dispositivo","Afeitado y grooming","cabello","true","103700","103700","122000.00","false","false","","https://cdn.shopify.com/s/files/1/0694/7563/1258/files/BelJus-001-360-slot.jpg?v=1786568106","6","false","false","6","","1123","false","false","false","true","true","true","false","","SAFE","Tinte para bigote y barba Just For Men REF. M35 x2.5 onz &ndash; Drop Shop","Just For Men Mustache &amp;amp; Beard, referencia M-35 Medium Brown (castaño medio). Es un tinte en gel de dos componentes, para bigote y barba.Cómo se usaCon el vello facial limpio, seco y sin producto, mezcla partes iguales de base de color y revelador en la bandeja incluida, con la brocha, hasta que quede uniforme. Apli","Tinte para bigote y barba Just For Men REF. M35 x2.5 onz","Just For Men Mustache &amp;amp; Beard, referencia M-35 Medium Brown (castaño medio). Es un tinte en gel de dos componentes, para bigote y barba.Cómo se usaCon el vello facial limpio, seco y sin producto, mezcla partes iguales de base de color y revelador en la bandeja incluida, con la brocha, hasta que quede uniforme. Apli","https://drop-shop-g7.myshopify.com/products/tinte-para-bigote-y-barba-just-for-men-ref-m35-x2-5-onz","true","true","true","200","","BelJus-001","true","","COSMÉTICO/CUIDADO PERSONAL — validar NSO y rotulado","Sin claim de alto riesgo detectado en texto extraíble."
"polvo-adhesivo-para-dentaduras-fixodent-extra-hold-2-7-onzas-76g","https://drop-shop-g7.myshopify.com/products/polvo-adhesivo-para-dentaduras-fixodent-extra-hold-2-7-onzas-76g","Polvo adhesivo para dentaduras Fixodent Extra Hold 2.7 onzas - 76g","Fixodent","cosmético/cuidado personal o dispositivo","Higiene oral","higiene-bucal","true","60280","60280","","false","false","","https://cdn.shopify.com/s/files/1/0694/7563/1258/files/BelFix-001-360-slot.webp?v=1786642224","6","false","false","6","","760","false","false","false","true","true","true","true","","SAFE","Polvo adhesivo para dentaduras Fixodent Extra Hold 2.7 onzas - 76g &ndash; Drop Shop","Polvo adhesivo para dentaduras Fixodent Extra Hold.Cómo se usaLimpia la dentadura, humedécela, aplica el polvo en capa fina, sacude el exceso e insértala sosteniéndola un momento en su lugar. No uses más de 1/4 de cucharadita ni más de una vez al día. Con el uso correcto, el frasco rinde entre 9 y 10 semanas.Advertenci","Polvo adhesivo para dentaduras Fixodent Extra Hold 2.7 onzas - 76g","Polvo adhesivo para dentaduras Fixodent Extra Hold.Cómo se usaLimpia la dentadura, humedécela, aplica el polvo en capa fina, sacude el exceso e insértala sosteniéndola un momento en su lugar. No uses más de 1/4 de cucharadita ni más de una vez al día. Con el uso correcto, el frasco rinde entre 9 y 10 semanas.Advertenci","https://drop-shop-g7.myshopify.com/products/polvo-adhesivo-para-dentaduras-fixodent-extra-hold-2-7-onzas-76g","true","true","true","200","","BelFix-001","true","","COSMÉTICO/CUIDADO PERSONAL — validar NSO y rotulado","Sin claim de alto riesgo detectado en texto extraíble."
"hidratante-para-cara-y-piel-coera-suero-de-niacinamida-con-zinc-4-fl-oz-x-118-ml","https://drop-shop-g7.myshopify.com/products/hidratante-para-cara-y-piel-coera-suero-de-niacinamida-con-zinc-4-fl-oz-x-118-ml","Hidratante para cara y piel, Coera Suero de niacinamida con zinc 4 fl oz X 118 ml","Coera","REVIEW","Cuidado facial","rostro","true","62700","62700","","false","false","","https://cdn.shopify.com/s/files/1/0694/7563/1258/files/BelCoe-331-360-slot.webp?v=1786648192","6","false","false","6","","637","false","false","false","true","true","false","false","","SAFE","Hidratante para cara y piel, Coera Suero de niacinamida con zinc 4 fl &ndash; Drop Shop","Sérum acuoso y sin fragancia Niacinamide &amp;amp; Zinc de Coera, con niacinamida, Zinc PCA, glicerina vegetal y ácido hialurónico, además de goma xantana, sorbato de potasio y benzoato de sodio.Cómo se usaAplica unas gotas sobre la piel limpia, antes de la crema hidratante.Sobre la concentraciónLa marca lo llama professio","Hidratante para cara y piel, Coera Suero de niacinamida con zinc 4 fl ","Sérum acuoso y sin fragancia Niacinamide &amp;amp; Zinc de Coera, con niacinamida, Zinc PCA, glicerina vegetal y ácido hialurónico, además de goma xantana, sorbato de potasio y benzoato de sodio.Cómo se usaAplica unas gotas sobre la piel limpia, antes de la crema hidratante.Sobre la concentraciónLa marca lo llama professio","https://drop-shop-g7.myshopify.com/products/hidratante-para-cara-y-piel-coera-suero-de-niacinamida-con-zinc-4-fl-oz-x-118-ml","true","true","true","200","","BelCoe-331","true","","COSMÉTICO/CUIDADO PERSONAL — validar NSO y rotulado","Sin claim de alto riesgo detectado en texto extraíble."
"splash-mist-champagne-toast-236-ml-bath-body","https://drop-shop-g7.myshopify.com/products/splash-mist-champagne-toast-236-ml-bath-body","Splash Mist Champagne Toast 236 ml, Bath & Body","Bath & Body Works","cosmético/cuidado personal o dispositivo","Cuidado corporal y fragancias","cuerpo-y-aroma","true","99990","99990","","false","false","","https://cdn.shopify.com/s/files/1/0694/7563/1258/files/BelBat-452-360-slot.webp?v=1786651858","6","false","false","6","","442","false","false","false","true","true","false","false","","SAFE","Splash Mist Champagne Toast 236 ml, Bath & Body &ndash; Drop Shop","Bruma corporal Champagne Toast de Bath &amp;amp; Body Works. Notas de champán burbujeante, frutos rojos chispeantes y mandarina jugosa: festivo y afrutado, no dulce empalagoso.Cómo se usaSobre la piel seca después de la ducha. La marca la formula para cuerpo y cabello, y está pensada para superponerse con la crema del mism","Splash Mist Champagne Toast 236 ml, Bath &amp; Body","Bruma corporal Champagne Toast de Bath &amp;amp; Body Works. Notas de champán burbujeante, frutos rojos chispeantes y mandarina jugosa: festivo y afrutado, no dulce empalagoso.Cómo se usaSobre la piel seca después de la ducha. La marca la formula para cuerpo y cabello, y está pensada para superponerse con la crema del mism","https://drop-shop-g7.myshopify.com/products/splash-mist-champagne-toast-236-ml-bath-body","true","true","true","200","","BelBat-452","true","","COSMÉTICO/CUIDADO PERSONAL — validar NSO y rotulado","Sin claim de alto riesgo detectado en texto extraíble."